"ate","id","object.pair","object.side","trial","distance.moved","mean.velocity","periphery.visits","time.in.periphery","latency.to.periphery","center.visits","time.in.center","latency.to.center","left.object.visits","time.with.left.object","left.object.latency","right.object.visits","time.with.right.object","right.object.latency","rewarding.object.colour","reward.object.side","time.with.trained.object","time.with.untrained.object","green.object.preference","rewarding.object.preference","prop.rewarding.object.preference","time.with.both.objects","total.time","trial.type","weight"
"NA","1a","pair-a","left",0,803.308,2.67686,21,145.743,11.0108,21,154.551,0,9,47.2463,32.4318,7,22.2218,19.6192,"blue","right",22.2218,47.2463,25.0245,-25.0245,0.319884954389137,69.4681,300.294,"test",0.29
"NA","1b","pair-a","right",0,1335.94,4.45176,9,288.082,0,8,12.212,8.80862,13,42.2414,8.00784,9,19.0186,30.2296,"green","left",42.2414,19.0186,23.2228,23.2228,0.689542931766242,61.26,300.294,"test",0.1
"NA","2a","pair-a","left",0,1053.92,3.51197,15,230.426,3.20314,15,69.8684,0,10,34.0333,13.8135,9,30.2296,42.8419,"blue","right",30.2296,34.0333,3.8037,-3.8037,0.470405163788127,64.2629,300.2944,"test",0.2
"NA","2b","pair-a","left",0,1408.19,4.71451,8,283.478,0,7,16.0157,23.6231,9,18.418,15.6153,10,22.422,0,"blue","right",22.422,18.418,-4.004,4.004,0.549020568070519,40.84,299.4937,"test",0.11
"NA","3a","pair-a","right",0,1300.57,4.33387,10,273.468,0,9,26.8263,11.211,11,27.0265,24.8243,12,40.84,0,"blue","left",27.0265,40.84,13.8135,-13.8135,0.398230349288677,67.8665,300.2943,"test",0.2
"NA","3b","pair-a","left",0,1139.34,3.79663,13,254.049,0,12,46.2453,15.0147,17,47.0461,34.4337,11,31.8312,4.40431,"green","right",31.8312,47.0461,-15.2149,-15.2149,0.403553367065049,78.8773,300.2943,"test",0.12
"NA","4a","pair-a","right",0,906.284,3.02202,14,225.421,0,13,74.8733,4.40431,8,22.6221,0,10,52.4514,49.8488,"green","left",22.6221,52.4514,-29.8293,-29.8293,0.301332693959919,75.0735,300.2943,"test",0.21
"NA","4b","pair-a","left",0,1271.1,4.24416,15,248.844,2.80274,15,51.4504,0,10,32.0314,30.63,7,27.8272,0,"green","right",27.8272,32.0314,-4.2042,-4.2042,0.464882239143582,59.8586,300.2944,"test",0.11
"NA","5a","pair-a","left",0,1505.29,5.01606,9,255.25,0,8,45.0441,12.212,16,44.0431,17.2169,11,26.6261,48.6476,"green","right",26.6261,44.0431,-17.417,-17.417,0.376770927079973,70.6692,300.2941,"test",0.18
"NA","5b","pair-a","left",0,1802.95,6.00795,9,279.273,0,8,21.0206,20.6202,14,32.6319,15.6153,14,27.0265,3.40333,"blue","right",27.0265,32.6319,5.6054,-5.6054,0.453020865460689,59.6584,300.2936,"test",0.13
"NA","6a","pair-a","right",0,1713.14,5.7087,6,287.882,0,5,12.4122,0.600588,14,26.4259,0,14,34.2335,5.80568,"green","left",26.4259,34.2335,-7.8076,-7.8076,0.43564393976861,60.6594,300.2942,"test",0.15
"NA","6b","pair-a","right",0,1373.95,4.57839,9,283.678,0,8,16.6163,1.20118,12,25.4249,1.80176,6,23.8233,11.6114,"green","left",25.4249,23.8233,1.6016,1.6016,0.516260492769279,49.2482,300.2943,"test",0.11
"NA","7a","pair-a","left",0,948.2,3.15968,16,252.848,0,15,47.4465,0.200196,11,47.8468,0,10,33.2325,15.4151,"blue","right",33.2325,47.8468,14.6143,-14.6143,0.40987650362053,81.0793,300.2945,"test",0.31
"NA","7b","pair-a","right",0,1189.17,3.96267,9,253.849,15.6153,9,46.4455,0,9,28.2276,59.8586,8,30.0294,28.628,"blue","left",28.2276,30.0294,1.8018,-1.8018,0.484535763942531,58.257,300.2945,"test",0.13
"NA","8a","pair-a","right",0,1482.07,4.93868,6,290.084,0,5,10.21,21.8214,15,31.0304,2.20216,10,24.0235,9.8096,"green","left",31.0304,24.0235,7.0069,7.0069,0.563636726916713,55.0539,300.294,"test",0.17
"NA","8b","pair-a","right",0,1488.68,4.9607,8,278.873,2.00196,8,21.421,0,16,41.2404,4.8047,10,25.4249,15.6153,"blue","left",41.2404,25.4249,-15.8155,15.8155,0.618618681682975,66.6653,300.294,"test",0.14
"no","1a","pair-3","right",1,717.995,2.39257,14,127.325,2.20216,15,172.969,0,8,65.6643,0,8,40.6398,51.05,"blue","left",65.6643,40.6398,-25.0245,25.0245,0.617702421637547,106.3041,300.294,"training",0.29
"no","1b","pair-3","left",1,1078.37,3.59344,13,260.655,0,12,39.6388,16.0157,6,18.418,41.4406,11,92.2904,0,"green","right",92.2904,18.418,73.8724,73.8724,0.833635026791102,110.7084,300.2938,"training",0.1
"yes","2a","pair-3","right",1,186.639,0.621937,1,274.269,26.0255,1,26.0255,0,1,254.049,46.2453,0,0,300,"blue","left",254.049,0,-254.049,254.049,1,254.049,300.2945,"training",0.2
"no","2b","pair-3","right",1,979.542,3.26412,18,243.438,2.60255,18,56.8557,0,11,72.8713,12.212,7,48.047,74.8733,"blue","left",72.8713,48.047,-24.8243,24.8243,0.602649061391038,120.9183,300.2937,"training",0.11
"yes","3a","pair-3","left",1,508.944,1.69595,14,212.608,0.200196,15,87.6858,0,1,7.60745,281.676,7,212.408,25.4249,"blue","right",212.408,7.60745,-204.80055,204.80055,0.965423110058862,220.01545,300.2938,"training",0.2
"no","3b","pair-3","right",1,949.932,3.16545,11,221.016,0,11,79.2776,13.8135,8,31.2306,11.0108,11,71.2698,26.8263,"green","left",31.2306,71.2698,-40.0392,-40.0392,0.304687591463058,102.5004,300.2936,"training",0.12
"no","4a","pair-3","left",1,722.445,2.4074,22,101.9,0,22,198.394,0.200196,13,84.4827,0.800784,5,30.2296,125.122,"green","right",30.2296,84.4827,-54.2531,-54.2531,0.263525358658139,114.7123,300.294,"training",0.21
"no","4b","pair-3","right",1,1192.09,3.97239,8,268.463,0,7,31.8312,16.0157,8,26.0255,16.0157,12,22.6221,25.6251,"green","left",26.0255,22.6221,3.4034,3.4034,0.534980142905303,48.6476,300.2942,"training",0.11
"no","5a","pair-3","right",1,1440.55,4.80034,12,268.663,0,11,31.631,5.40529,14,38.2374,14.8145,13,33.4327,3.40333,"green","left",38.2374,33.4327,4.8047,4.8047,0.533519556970061,71.6701,300.294,"training",0.18
"no","5b","pair-3","right",1,1799.09,5.99508,8,289.083,0,7,11.211,1.20118,13,22.422,12.6123,20,24.0235,4.20412,"blue","left",22.422,24.0235,1.6015,-1.6015,0.482759363124522,46.4455,300.294,"training",0.13
"no","6a","pair-3","left",1,1286.62,4.28741,18,229.224,2.00196,19,71.0696,0,14,35.6349,18.8184,7,22.422,9.60941,"green","right",22.422,35.6349,-13.2129,-13.2129,0.386207324194023,58.0569,300.2936,"training",0.15
"no","6b","pair-3","left",1,1040.47,3.46715,3,297.091,0,2,3.20314,4.8047,7,18.6182,12.4122,27,36.0353,2.80274,"green","right",36.0353,18.6182,17.4171,17.4171,0.659341121794579,54.6535,300.29414,"training",0.11
"yes","7a","pair-3","right",1,766,2.55253,13,228.624,0,12,71.6702,3.40333,8,81.0794,38.0372,8,25.4249,3.40333,"blue","left",81.0794,25.4249,-55.6545,55.6545,0.76127818313439,106.5043,300.2942,"training",0.31
"no","7b","pair-3","left",1,991.594,3.30428,12,266.861,0,11,33.4327,9.8096,11,36.0353,4.20412,9,22.2218,24.4239,"blue","right",22.2218,36.0353,13.8135,-13.8135,0.381443635196397,58.2571,300.2937,"training",0.13
"yes","8a","pair-3","left",1,910.187,3.03301,21,234.63,1.00098,21,65.6643,0,5,10.4102,0.800784,12,182.579,15.4151,"green","right",182.579,10.4102,172.1688,172.1688,0.946058121387104,192.9892,300.2943,"training",0.17
"no","8b","pair-3","left",1,1142.91,3.80852,3,299.293,0,2,1.00098,0.400392,9,30.0294,0.400392,9,17.4171,12.6123,"blue","right",17.4171,30.0294,12.6123,-12.6123,0.367089247889728,47.4465,300.29398,"training",0.14
"yes","1a","pair-1","right",10,142.321,0.474573,3,288.883,0.200196,2,11.211,7.80764,1,286.681,13.6133,1,11.211,0.200196,"blue","left",286.681,11.211,-275.47,275.47,0.962365555301921,297.892,300.094,"training",0.29
"yes","1b","pair-1","left",10,264.088,0.880018,15,203.199,3.20314,16,97.0951,0,0,0,300,3,266.461,0,"green","right",266.461,0,266.461,266.461,1,266.461,300.2941,"training",0.1
"yes","2a","pair-1","right",10,269.435,0.897837,3,280.074,0,2,20.2198,27.2267,3,297.691,0,0,0,300,"blue","left",297.691,0,-297.691,297.691,1,297.691,300.2938,"training",0.2
"yes","2b","pair-1","left",10,566.905,1.88909,21,186.983,4.60451,21,113.311,0,11,124.122,0,1,51.4504,248.844,"blue","right",51.4504,124.122,72.6716,-72.6716,0.293043781368826,175.5724,300.294,"training",0.11
"yes","3a","pair-1","left",10,418.707,1.39525,10,206.202,0,10,94.0921,73.6721,3,22.8223,141.939,3,225.821,0,"blue","right",225.821,22.8223,-202.9987,202.9987,0.908212688618595,248.6433,300.2941,"training",0.2
"no","3b","pair-1","left",10,526.735,1.75524,23,199.595,22.8223,23,100.699,0,4,29.8292,0,11,198.795,33.6329,"green","right",198.795,29.8292,168.9658,168.9658,0.869527372867789,228.6242,300.294,"training",0.12
"yes","4a","pair-1","right",10,194.813,0.649175,2,284.078,0,1,16.2159,8.00784,2,299.894,0,0,0,300,"green","left",299.894,0,299.894,299.894,1,299.894,300.2939,"training",0.21
"no","4b","pair-1","right",10,650.453,2.1675,20,158.355,0,20,141.939,11.211,11,62.261,11.211,9,59.6584,114.913,"green","left",62.261,59.6584,2.6026,2.6026,0.510673444915247,121.9194,300.294,"training",0.11
"yes","5a","pair-1","left",10,396.518,1.32131,9,218.414,7.00686,9,81.8802,0,6,80.679,0,1,144.942,155.352,"green","right",144.942,80.679,64.263,64.263,0.642413605116545,225.621,300.2942,"training",0.18
"no","5b","pair-1","right",10,793.962,2.64571,16,263.258,2.00196,16,37.0363,0,7,19.0186,58.4572,9,28.2276,0,"blue","left",19.0186,28.2276,9.209,-9.209,0.402542426692517,47.2462,300.2943,"training",0.13
"yes","6a","pair-1","right",10,448.785,1.49548,17,232.428,0,16,67.8664,1.20118,3,216.412,0,3,14.8145,190.386,"green","left",216.412,14.8145,201.5975,201.5975,0.935930786479923,231.2265,300.2944,"training",0.15
"no","6b","pair-1","right",10,570.083,1.89968,25,139.737,11.0108,26,160.557,0,8,128.926,39.839,4,62.261,0,"green","left",128.926,62.261,66.665,66.665,0.674345012997746,191.187,300.294,"training",0.11
"yes","7a","pair-1","left",10,365.135,1.21673,10,234.63,0,9,65.6643,40.4396,6,59.6584,143.941,3,175.972,0,"blue","right",175.972,59.6584,-116.3136,116.3136,0.746813653925809,235.6304,300.2943,"training",0.31
"no","7b","pair-1","left",10,356.164,1.18684,9,131.729,16.6163,10,168.565,0,3,66.0647,0,3,147.344,137.134,"blue","right",147.344,66.0647,-81.2793,81.2793,0.690431083643731,213.4087,300.294,"training",0.13
"yes","8a","pair-1","right",10,581.709,1.93842,21,170.367,0,20,129.927,3.00294,3,46.6457,134.732,11,94.0921,3.00294,"green","left",46.6457,94.0921,-47.4464,-47.4464,0.331436898970994,140.7378,300.294,"training",0.17
"no","8b","pair-1","right",10,656.458,2.48039,9,205.801,0,9,59.6584,14.0137,10,103.101,15.4151,4,6.20608,160.557,"blue","left",103.101,6.20608,-96.89492,96.89492,0.94322343987233,109.30708,265.4594,"training",0.14
"yes","1a","pair-4","right",11,159.562,0.531708,2,299.693,0,1,0.600588,11.0108,1,289.283,11.0108,2,0.400392,2.60255,"blue","left",289.283,0.400392,-288.882608,288.882608,0.9986178289434,289.683392,300.293588,"training",0.29
"yes","1b","pair-4","left",11,542.248,1.80814,22,211.007,0.200196,21,89.0872,0.600588,3,32.4318,0.200196,5,189.986,35.6349,"green","right",189.986,32.4318,157.5542,157.5542,0.854185231577688,222.4178,300.0942,"training",0.1
"yes","2a","pair-4","right",11,226.286,0.75405,4,280.875,0,3,19.419,7.20706,1,268.062,32.2316,1,28.4278,0,"blue","left",268.062,28.4278,-239.6342,239.6342,0.90411879261951,296.4898,300.294,"training",0.2
"yes","2b","pair-4","right",11,271.293,0.904027,10,249.845,15.6153,10,50.4494,0,3,269.664,22.422,1,0.600588,0,"blue","left",269.664,0.600588,-269.063412,269.063412,0.997777777679109,270.264588,300.2944,"training",0.11
"yes","3a","pair-4","left",11,456.652,1.5217,27,249.444,0,26,50.8498,2.60255,2,6.00588,163.961,3,270.865,0,"blue","right",270.865,6.00588,-264.85912,264.85912,0.978308011301152,276.87088,300.2938,"training",0.2
"yes","3b","pair-4","right",11,498.53,1.66125,18,187.584,0,18,112.71,0.800784,8,201.998,0,4,32.6319,69.0676,"green","left",201.998,32.6319,169.3661,169.3661,0.860921817722294,234.6299,300.294,"training",0.12
"yes","4a","pair-4","left",11,390.69,1.30189,19,193.79,0,18,106.504,5.80568,3,171.568,0,1,113.912,186.382,"green","right",113.912,171.568,-57.656,-57.656,0.399019195740507,285.48,300.294,"training",0.21
"no","4b","pair-4","right",11,692.022,2.30602,18,152.95,14.8145,18,147.344,0,5,49.6486,0,10,70.8694,107.906,"green","left",49.6486,70.8694,-21.2208,-21.2208,0.411960039164274,120.518,300.294,"training",0.11
"yes","5a","pair-4","right",11,295.761,0.985561,8,274.269,0,7,26.0255,5.60549,1,251.246,49.048,2,31.0304,0,"green","left",251.246,31.0304,220.2156,220.2156,0.890070866710784,282.2764,300.2945,"training",0.18
"yes","5b","pair-4","right",11,593.225,1.9768,22,218.013,0,21,82.2806,5.60549,11,142.339,48.2472,2,12.212,5.80568,"blue","left",142.339,12.212,-130.127,130.127,0.920984011750167,154.551,300.2936,"training",0.13
"no","6a","pair-4","left",11,829.33,2.76357,16,268.463,0,16,31.8312,2.60255,8,47.2463,0,9,39.4386,40.2394,"green","right",39.4386,47.2463,-7.8077,-7.8077,0.454965051583378,86.6849,300.2942,"training",0.15
"yes","6b","pair-4","left",11,781.085,2.6028,25,195.992,0,24,104.302,11.0108,12,81.0794,0,7,90.6888,73.6721,"green","right",90.6888,81.0794,9.60939999999999,9.60939999999999,0.527971999473709,171.7682,300.294,"training",0.11
"yes","7a","pair-4","right",11,570.018,1.89946,14,237.633,0,13,62.6613,31.0304,7,116.714,11.211,3,39.6388,56.4553,"blue","left",116.714,39.6388,-77.0752,77.0752,0.746478476880491,156.3528,300.2943,"training",0.31
"no","7b","pair-4","left",11,674.65,2.24813,12,161.158,12.212,12,139.136,0,4,27.8272,22.8223,10,49.8488,34.2335,"blue","right",49.8488,27.8272,-22.0216,22.0216,0.641752922395592,77.676,300.294,"training",0.13
"yes","8a","pair-4","left",11,521.173,1.7367,12,251.847,14.2139,12,48.4474,0,0,0,300,9,221.417,0,"green","right",221.417,0,221.417,221.417,1,221.417,300.2944,"training",0.17
"no","8b","pair-4","left",11,710.649,2.36809,16,207.403,0,15,92.8909,34.0333,5,47.4465,42.6417,10,47.8468,64.6633,"blue","right",47.8468,47.4465,-0.400300000000001,0.400300000000001,0.502100357527759,95.2933,300.2939,"training",0.14
"yes","1a","pair-2","left",12,215.728,0.718869,4,282.276,0,3,18.0176,37.2365,2,77.8762,0,1,213.809,86.4847,"blue","right",213.809,77.8762,-135.9328,135.9328,0.733012850840564,291.6852,300.2936,"training",0.29
"yes","1b","pair-2","left",12,258.088,0.860026,4,257.052,0,3,43.2423,32.8321,1,62.0608,0,1,233.429,66.8655,"green","right",233.429,62.0608,171.3682,171.3682,0.78997312259171,295.4898,300.2943,"training",0.1
"yes","2a","pair-2","right",12,223.224,0.743846,2,292.286,0,1,8.00784,15.6153,1,278.072,22.2218,1,18.0176,0.400392,"blue","left",278.072,18.0176,-260.0544,260.0544,0.939148149749265,296.0896,300.29384,"training",0.2
"yes","2b","pair-2","right",12,194.165,0.647015,2,287.882,0,2,12.4122,3.00294,1,298.692,1.60157,0,0,300,"blue","left",298.692,0,-298.692,298.692,1,298.692,300.2942,"training",0.11
"yes","3a","pair-2","left",12,456.894,1.5225,12,257.852,0,12,42.4416,6.80666,1,6.20608,290.685,5,279.874,0,"blue","right",279.874,6.20608,-273.66792,273.66792,0.978306493762166,286.08008,300.2936,"training",0.2
"yes","3b","pair-2","right",12,647.346,2.15715,18,146.944,3.60353,19,153.35,0,9,83.8821,56.8557,6,57.2561,0,"green","left",83.8821,57.2561,26.626,26.626,0.594325986869607,141.1382,300.294,"training",0.12
"yes","4a","pair-2","left",12,203.382,0.677729,3,289.083,0,2,11.211,3.80372,1,3.80372,2.60255,1,290.484,9.8096,"green","right",290.484,3.80372,286.68028,286.68028,0.987074825956041,294.28772,300.294,"training",0.21
"yes","4b","pair-2","left",12,774.581,2.58113,19,194.591,1.60157,20,105.703,0,11,45.4445,0,9,103.702,94.4925,"green","right",103.702,45.4445,58.2575,58.2575,0.695302940397529,149.1465,300.294,"training",0.11
"yes","5a","pair-2","right",12,245.469,0.817973,4,284.679,0,3,15.6153,260.255,1,300.294,0,0,0,300,"green","left",300.294,0,300.294,300.294,1,300.294,300.2943,"training",0.18
"no","5b","pair-2","left",12,863.524,2.87751,19,217.813,0,18,82.4808,14.6143,14,62.4612,16.2159,3,7.20706,147.144,"blue","right",7.20706,62.4612,55.25414,-55.25414,0.103448256063809,69.66826,300.2938,"training",0.13
"yes","6a","pair-2","right",12,319.535,1.06479,7,285.079,0,6,15.2149,157.154,3,269.864,0,1,11.4112,223.419,"green","left",269.864,11.4112,258.4528,258.4528,0.959430479473484,281.2752,300.2939,"training",0.15
"no","6b","pair-2","left",12,546.467,1.82099,15,170.567,0,14,129.727,8.20804,6,117.715,0,8,69.2678,87.0853,"green","right",69.2678,117.715,-48.4472,-48.4472,0.370450116267379,186.9828,300.294,"training",0.11
"yes","7a","pair-2","left",12,340.408,1.13434,8,259.454,0,7,40.84,132.33,3,15.4151,196.392,2,254.249,0,"blue","right",254.249,15.4151,-238.8339,238.8339,0.942835920687997,269.6641,300.294,"training",0.31
"no","7b","pair-2","left",12,495.93,1.65258,13,155.552,0,13,144.742,22.2218,8,76.6751,22.2218,2,32.6319,124.522,"blue","right",32.6319,76.6751,44.0432,-44.0432,0.298534403103186,109.307,300.294,"training",0.13
"yes","8a","pair-2","right",12,504.752,1.68198,11,221.817,3.00294,11,78.4768,0,5,211.407,72.8713,8,53.0519,0,"green","left",211.407,53.0519,158.3551,158.3551,0.799394537298612,264.4589,300.2938,"training",0.17
"no","8b","pair-2","right",12,748.626,2.49464,18,191.988,0,18,108.306,0.200196,3,24.4239,7.60745,6,101.299,0,"blue","left",24.4239,101.299,76.8751,-76.8751,0.194267710973896,125.7229,300.294,"training",0.14
"yes","1a","pair-4","right",13,118.915,0.396258,1,299.093,1.20118,1,1.20118,0,1,300.294,0,0,0,300,"blue","left",300.294,0,-300.294,300.294,1,300.294,300.29418,"training",0.29
"yes","1b","pair-4","left",13,956.6,3.18767,26,169.766,0,26,130.528,0.200196,10,55.8547,0.200196,7,108.907,11.6114,"green","right",108.907,55.8547,53.0523,53.0523,0.660997064244906,164.7617,300.294,"training",0.1
"yes","2a","pair-4","left",13,323.738,1.07879,10,243.038,0,9,57.2561,7.20706,4,80.4788,0,1,186.583,113.711,"blue","right",186.583,80.4788,-106.1042,106.1042,0.698651023845417,267.0618,300.2941,"training",0.2
"yes","2b","pair-4","left",13,650.681,2.16826,23,182.779,4.20412,23,117.515,0,10,90.2884,1.20118,4,111.509,114.913,"blue","right",111.509,90.2884,-21.2206,21.2206,0.552578972771701,201.7974,300.294,"training",0.11
"yes","3a","pair-4","right",13,387.107,1.28995,12,267.262,0,11,33.0323,5.40529,2,250.445,40.0392,3,25.0245,0,"blue","left",250.445,25.0245,-225.4205,225.4205,0.909156912108237,275.4695,300.2943,"training",0.2
"no","3b","pair-4","right",13,837.468,2.79069,26,198.394,10.21,26,101.9,0,5,115.313,10.6104,8,58.4572,0,"green","left",115.313,58.4572,56.8558,56.8558,0.66359479358371,173.7702,300.294,"training",0.12
"yes","4a","pair-4","left",13,185.177,0.617065,3,298.492,0,2,1.80176,267.862,0,0,300,1,300.294,0,"green","right",300.294,0,300.294,300.294,1,300.294,300.29376,"training",0.21
"yes","4b","pair-4","left",13,533.53,1.77788,15,252.047,0,14,48.2472,22.6221,5,9.20902,124.322,8,226.021,6.00588,"green","right",226.021,9.20902,216.81198,216.81198,0.960851000225226,235.23002,300.2942,"training",0.11
"yes","5a","pair-4","right",13,265.813,0.885768,4,285.88,0,3,14.4141,0.600588,3,287.682,11.8116,1,2.40235,0,"green","left",287.682,2.40235,285.27965,285.27965,0.991718443273482,290.08435,300.2941,"training",0.18
"no","5b","pair-4","left",13,880.667,2.93464,16,260.855,0.400392,16,39.4386,0,8,28.628,0,6,19.0186,24.0235,"blue","right",19.0186,28.628,9.6094,-9.6094,0.399159646228692,47.6466,300.2936,"training",0.13
"yes","6a","pair-4","right",13,376.481,1.25454,10,273.468,8.00784,10,26.8263,0,3,291.686,6.20608,0,0,300,"green","left",291.686,0,291.686,291.686,1,291.686,300.2943,"training",0.15
"yes","6b","pair-4","right",13,670.863,2.23551,23,144.542,0,23,155.752,5.2051,9,158.755,0,5,44.4435,88.4866,"green","left",158.755,44.4435,114.3115,114.3115,0.781280373624805,203.1985,300.294,"training",0.11
"yes","7a","pair-4","left",13,194.37,0.647698,3,293.688,0,2,6.60647,63.8625,0,0,300,1,300.294,0,"blue","right",300.294,0,-300.294,300.294,1,300.294,300.29447,"training",0.31
"no","7b","pair-4","right",13,631.888,2.10564,14,99.097,11.4112,15,201.197,0,1,12.4122,190.587,7,46.4455,0,"blue","left",12.4122,46.4455,34.0333,-34.0333,0.210884896963354,58.8577,300.294,"training",0.13
"yes","8a","pair-4","left",13,398.348,1.32741,9,282.677,0,8,17.6172,57.4563,2,5.40529,251.646,4,277.672,0,"green","right",277.672,5.40529,272.26671,272.26671,0.98090525029401,283.07729,300.2942,"training",0.17
"no","8b","pair-4","right",13,888.399,2.9604,13,213.809,0,12,86.4847,1.40137,11,62.0608,0,7,24.2237,52.4514,"blue","left",62.0608,24.2237,-37.8371,37.8371,0.719257804124727,86.2845,300.2937,"training",0.14
"yes","1a","pair-4","left",14,328.477,1.09458,7,271.666,0,7,28.628,44.4435,4,10.21,52.2512,2,247.042,0,"blue","right",247.042,10.21,-236.832,236.832,0.96031129009687,257.252,300.294,"training",0.29
"yes","1b","pair-4","left",14,176.139,0.586947,8,221.016,2.80274,8,79.2776,0,1,110.508,0,1,180.977,119.317,"green","right",180.977,110.508,70.469,70.469,0.62087929052953,291.485,300.2936,"training",0.1
"yes","2a","pair-4","right",14,262.575,0.874977,5,282.677,0,4,17.6172,13.4131,1,248.643,51.6506,3,33.0323,0,"blue","left",248.643,33.0323,-215.6107,215.6107,0.882729156585615,281.6753,300.2942,"training",0.2
"yes","2b","pair-4","right",14,230.515,0.768142,14,253.849,0,13,46.4455,36.4357,2,285.88,0,0,0,300,"blue","left",285.88,0,-285.88,285.88,1,285.88,300.2945,"training",0.11
"yes","3a","pair-4","left",14,561.743,1.87189,22,254.449,0,21,45.8449,32.2316,6,32.0314,170.367,6,215.011,0,"blue","right",215.011,32.0314,-182.9796,182.9796,0.870340475966879,247.0424,300.2939,"training",0.2
"no","3b","pair-4","right",14,598.141,1.99318,25,130.328,0.600588,26,169.966,0,5,47.8468,141.338,9,81.0794,0,"green","left",47.8468,81.0794,-33.2326,-33.2326,0.371117740226579,128.9262,300.294,"training",0.12
"yes","4a","pair-4","right",14,202.921,0.676191,4,298.893,0,3,1.40137,243.639,1,300.294,0,0,0,300,"green","left",300.294,0,300.294,300.294,1,300.294,300.29437,"training",0.21
"yes","4b","pair-4","right",14,296.279,0.987287,7,283.878,0,6,16.4161,7.80764,5,286.08,0,0,0,300,"green","left",286.08,0,286.08,286.08,1,286.08,300.2941,"training",0.11
"yes","5a","pair-4","left",14,433.359,1.44408,16,272.867,0,15,27.4269,24.6241,2,7.80764,225.621,4,277.672,0,"green","right",277.672,7.80764,269.86436,269.86436,0.972650799195347,285.47964,300.2939,"training",0.18
"yes","5b","pair-4","left",14,979.541,3.26412,21,218.414,0,21,81.8802,0.600588,12,61.26,0.800784,6,32.2316,131.329,"blue","right",32.2316,61.26,29.0284,-29.0284,0.344753967201331,93.4916,300.2942,"training",0.13
"yes","6a","pair-4","right",14,668.953,2.22915,18,227.222,0,17,73.0715,25.2247,7,229.825,0,7,26.0255,159.756,"green","left",229.825,26.0255,203.7995,203.7995,0.898278486850719,255.8505,300.2935,"training",0.15
"yes","6b","pair-4","right",14,385.528,1.28469,11,252.247,16.4161,11,48.047,0,4,284.278,11.4112,0,0,300,"green","left",284.278,0,284.278,284.278,1,284.278,300.294,"training",0.11
"yes","7a","pair-4","left",14,405.714,1.35196,9,254.249,0,9,46.0451,65.0637,3,24.2237,268.263,4,243.438,0,"blue","right",243.438,24.2237,-219.2143,219.2143,0.909498818844833,267.6617,300.2941,"training",0.31
"no","7b","pair-4","right",14,590.823,1.96879,12,115.113,0,11,185.181,2.00196,5,42.0412,26.8263,3,13.0127,117.915,"blue","left",42.0412,13.0127,-29.0285,29.0285,0.763637090197061,55.0539,300.294,"training",0.13
"yes","8a","pair-4","left",14,375.116,1.24999,10,260.855,0,9,39.4386,49.4484,2,9.60941,273.468,4,267.462,0,"green","right",267.462,9.60941,257.85259,257.85259,0.965317930132163,277.07141,300.2936,"training",0.17
"no","8b","pair-4","left",14,984.568,3.28087,11,193.189,0,11,107.105,6.60647,14,68.467,6.60647,9,19.2188,32.0314,"blue","right",19.2188,68.467,49.2482,-49.2482,0.219178019702164,87.6858,300.294,"training",0.14
"yes","1a","pair-3","left",15,244.882,0.816018,4,283.077,0.200196,4,17.2169,0,2,20.2198,0,1,270.865,29.4288,"blue","right",270.865,20.2198,-250.6452,250.6452,0.930536393518315,291.0848,300.2939,"training",0.29
"yes","1b","pair-3","right",15,297.994,0.993003,6,275.87,0,5,24.4239,19.2188,1,246.041,54.2531,1,49.2482,0,"green","left",246.041,49.2482,196.7928,196.7928,0.833220449647329,295.2892,300.2939,"training",0.1
"yes","2a","pair-3","left",15,212.093,0.706754,1,300.294,0,0,0,300,0,0,300,1,300.294,0,"blue","right",300.294,0,-300.294,300.294,1,300.294,300.294,"training",0.2
"yes","2b","pair-3","right",15,174.376,0.58107,2,293.688,0,1,6.60647,277.472,1,300.294,0,0,0,300,"blue","left",300.294,0,-300.294,300.294,1,300.294,300.29447,"training",0.11
"yes","3a","pair-3","right",15,541.873,1.80568,16,252.647,0,15,47.6466,19.419,4,244.84,0,7,27.0265,251.046,"blue","left",244.84,27.0265,-217.8135,217.8135,0.90058907588835,271.8665,300.2936,"training",0.2
"yes","3b","pair-3","right",15,663.532,2.21108,26,159.756,0,25,140.538,5.60549,11,202.398,39.2384,3,12.6123,16.0157,"green","left",202.398,12.6123,189.7857,189.7857,0.941340949712642,215.0103,300.294,"training",0.12
"yes","4a","pair-3","left",15,161.83,0.539264,4,294.889,0,3,5.40529,5.2051,0,0,300,1,300.294,0,"green","right",300.294,0,300.294,300.294,1,300.294,300.29429,"training",0.21
"yes","4b","pair-3","left",15,275.281,0.917316,6,281.676,0,5,18.6182,117.515,0,0,300,5,287.281,0,"green","right",287.281,0,287.281,287.281,1,287.281,300.2942,"training",0.11
"yes","5a","pair-3","right",15,239.879,0.799346,4,293.087,0,3,7.20706,0.200196,1,299.093,1.20118,0,0,300,"green","left",299.093,0,299.093,299.093,1,299.093,300.29406,"training",0.18
"yes","5b","pair-3","left",15,425.407,1.41758,14,266.661,0,13,33.6329,3.40333,1,3.20314,296.891,5,281.275,0,"blue","right",281.275,3.20314,-278.07186,278.07186,0.988740294772737,284.47814,300.2939,"training",0.13
"yes","6a","pair-3","left",15,490.472,1.63439,14,222.218,2.60255,14,78.0764,0,6,59.6584,0,2,194.591,74.8733,"green","right",194.591,59.6584,134.9326,134.9326,0.765354805163749,254.2494,300.2944,"training",0.15
"yes","6b","pair-3","left",15,381.213,1.27031,12,247.642,1.60157,12,52.6515,0,2,44.4435,0,4,200.797,90.4886,"green","right",200.797,44.4435,156.3535,156.3535,0.818775854722201,245.2405,300.2935,"training",0.11
"yes","7a","pair-3","right",15,355.665,1.18518,7,255.25,0,6,45.0441,46.6457,4,259.254,0,1,22.8223,82.8811,"blue","left",259.254,22.8223,-236.4317,236.4317,0.919091749289111,282.0763,300.2941,"training",0.31
"no","7b","pair-3","right",15,659.231,2.19675,15,123.321,22.6221,16,176.973,0,4,26.4259,52.051,6,47.6466,0,"blue","left",26.4259,47.6466,21.2207,-21.2207,0.356757231091161,74.0725,300.294,"training",0.13
"yes","8a","pair-3","left",15,517.526,1.72455,12,245.841,5.80568,12,54.4533,0,3,19.2188,123.321,6,240.636,1.80176,"green","right",240.636,19.2188,221.4172,221.4172,0.926040234777268,259.8548,300.2943,"training",0.17
"no","8b","pair-3","left",15,965.804,3.21834,19,167.364,0,18,132.93,3.40333,11,70.6692,5.0049,4,11.6114,115.313,"blue","right",11.6114,70.6692,59.0578,-59.0578,0.141119534859979,82.2806,300.294,"training",0.14
"yes","1a","pair-2","left",16,75.7477,0.575902,1,131.729,0,0,0,300,0,0,300,1,131.729,0,"blue","right",131.729,0,-131.729,131.729,1,131.729,131.729,"training",0.29
"yes","1b","pair-2","right",16,356.133,1.18674,11,187.383,0,10,112.911,32.8321,3,276.27,0,3,8.60843,46.6457,"green","left",276.27,8.60843,267.66157,267.66157,0.969782092663176,284.87843,300.294,"training",0.1
"yes","2a","pair-2","left",16,608.492,2.02767,23,177.974,15.0147,23,122.32,0,13,77.4759,89.2874,5,84.2825,0,"blue","right",84.2825,77.4759,-6.8066,6.8066,0.521039401972324,161.7584,300.294,"training",0.2
"yes","2b","pair-2","left",16,489.129,1.62992,36,177.173,0,36,123.121,10.4102,6,176.973,0,1,78.677,221.617,"blue","right",78.677,176.973,98.296,-98.296,0.307752787013495,255.65,300.294,"training",0.11
"yes","3a","pair-2","right",16,828.061,2.75934,19,201.397,0,18,98.8968,5.40529,11,173.97,0,10,48.2472,60.259,"blue","left",173.97,48.2472,-125.7228,125.7228,0.782882693148865,222.2172,300.2938,"training",0.2
"yes","3b","pair-2","left",16,721.154,2.40309,37,167.164,0,37,133.13,3.40333,6,33.8331,98.4964,9,161.959,0,"green","right",161.959,33.8331,128.1259,128.1259,0.827198850208972,195.7921,300.294,"training",0.12
"yes","4a","pair-2","right",16,352.729,1.1754,7,243.839,12.6123,7,56.4553,0,1,260.055,40.2394,3,31.8312,0,"green","left",260.055,31.8312,228.2238,228.2238,0.890946540124199,291.8862,300.2943,"training",0.21
"yes","4b","pair-2","left",16,449.192,1.49684,27,222.017,2.20216,27,78.2766,0,2,7.20706,179.576,5,258.453,8.60843,"green","right",258.453,7.20706,251.24594,251.24594,0.972871119580414,265.66006,300.2936,"training",0.11
"yes","5a","pair-2","left",16,706.788,2.35522,27,216.612,0,26,83.6819,15.6153,7,21.8214,170.967,6,214.81,0,"green","right",214.81,21.8214,192.9886,192.9886,0.907783159800432,236.6314,300.2939,"training",0.18
"yes","5b","pair-2","left",16,518.138,1.72659,22,198.194,0,21,102.1,6.20608,2,46.6457,197.193,9,203.599,0,"blue","right",203.599,46.6457,-156.9533,156.9533,0.813599648663888,250.2447,300.294,"training",0.13
"yes","6a","pair-2","right",16,334.221,1.11372,13,247.442,0,12,52.8517,17.8174,2,299.693,0,0,0,300,"green","left",299.693,0,299.693,299.693,1,299.693,300.2937,"training",0.15
"yes","6b","pair-2","right",16,369.447,1.2311,10,261.856,0,10,38.4376,0.200196,3,270.465,0,3,11.211,202.598,"green","left",270.465,11.211,259.254,259.254,0.96019895198739,281.676,300.2936,"training",0.11
"yes","7a","pair-2","left",16,603.442,2.01085,19,188.184,0,19,112.11,0.600588,10,66.8655,0,3,77.4759,121.919,"blue","right",77.4759,66.8655,-10.6104,10.6104,0.536754527806991,144.3414,300.294,"training",0.31
"no","7b","pair-2","right",16,434.57,1.44811,16,90.4886,4.40431,17,209.805,0,2,27.4269,132.129,5,197.593,0,"blue","left",27.4269,197.593,170.1661,-170.1661,0.121886553144855,225.0199,300.2936,"training",0.13
"yes","8a","pair-2","right",16,500.152,1.66665,16,221.417,3.40333,17,78.8772,0,3,213.209,61.8606,5,54.2531,0,"green","left",213.209,54.2531,158.9559,158.9559,0.797155933494876,267.4621,300.2942,"training",0.17
"no","8b","pair-2","right",16,931.347,3.10352,13,164.561,0,12,135.733,0.800784,9,71.2698,2.80274,8,40.0392,63.6623,"blue","left",71.2698,40.0392,-31.2306,31.2306,0.640287847343881,111.309,300.294,"training",0.14
"yes","1a","pair-4","right",17,91.4966,0.304893,1,300.294,0,0,0,300,1,300.294,0,0,0,300,"blue","left",300.294,0,-300.294,300.294,1,300.294,300.294,"training",0.29
"yes","1b","pair-4","right",17,294.607,0.981715,9,287.481,0,8,12.8125,17.2169,3,263.058,0,1,2.60255,251.246,"green","left",263.058,2.60255,260.45545,260.45545,0.990203475826576,265.66055,300.2935,"training",0.1
"yes","2a","pair-4","left",17,496.656,1.655,15,212.208,0,14,88.0862,136.934,2,5.0049,233.028,6,187.383,0,"blue","right",187.383,5.0049,-182.3781,182.3781,0.973985370181805,192.3879,300.2942,"training",0.2
"yes","2b","pair-4","left",17,240.768,0.80231,16,255.65,0,15,44.6437,56.8557,0,0,300,1,300.294,0,"blue","right",300.294,0,-300.294,300.294,1,300.294,300.2937,"training",0.11
"yes","3a","pair-4","right",17,704.047,2.34609,26,219.215,0,25,81.0794,4.00392,7,227.022,0,3,20.42,98.8968,"blue","left",227.022,20.42,-206.602,206.602,0.917475610446084,247.442,300.2944,"training",0.2
"yes","3b","pair-4","left",17,245.74,0.818877,14,272.867,0,13,27.4269,0.600588,0,0,300,2,298.292,0.600588,"green","right",298.292,0,298.292,298.292,1,298.292,300.2939,"training",0.12
"yes","4a","pair-4","right",17,193.806,0.645819,1,293.287,7.00686,1,7.00686,0,1,300.294,0,0,0,300,"green","left",300.294,0,300.294,300.294,1,300.294,300.29386,"training",0.21
"yes","4b","pair-4","right",17,348.15,1.16014,13,270.465,0,12,29.8292,0.200196,5,284.278,11.211,0,0,300,"green","left",284.278,0,284.278,284.278,1,284.278,300.2942,"training",0.11
"yes","5a","pair-4","left",17,177.837,0.592605,1,300.294,0,0,0,300,0,0,300,1,300.294,0,"green","right",300.294,0,300.294,300.294,1,300.294,300.294,"training",0.18
"yes","5b","pair-4","right",17,838.47,2.79403,28,232.628,0,27,67.6662,11.211,3,155.152,0,13,78.4768,124.722,"blue","left",155.152,78.4768,-76.6752,76.6752,0.664096207316906,233.6288,300.2942,"training",0.13
"yes","6a","pair-4","left",17,516.869,1.72236,24,248.844,0,23,51.4504,1.00098,3,53.0519,210.406,6,220.416,0,"green","right",220.416,53.0519,167.3641,167.3641,0.806003190868106,273.4679,300.2944,"training",0.15
"yes","6b","pair-4","right",17,210.218,0.700508,4,298.692,0,3,1.60157,49.4484,2,299.894,0,0,0,300,"green","left",299.894,0,299.894,299.894,1,299.894,300.29357,"training",0.11
"yes","7a","pair-4","right",17,345.954,1.15282,6,256.651,0,5,43.6427,29.0284,1,171.768,128.526,6,76.2747,0,"blue","left",171.768,76.2747,-95.4933,95.4933,0.692493671452536,248.0427,300.2937,"training",0.31
"no","7b","pair-4","right",17,551.185,1.83671,12,96.0941,0,12,204.2,5.40529,6,17.6172,97.8958,4,38.0372,4.20412,"blue","left",17.6172,38.0372,20.42,-20.42,0.316546400643974,55.6544,300.2941,"training",0.13
"yes","8a","pair-4","left",17,553.666,1.84498,20,240.435,0,19,59.8586,3.40333,6,37.0363,5.0049,4,223.018,12.8125,"green","right",223.018,37.0363,185.9817,185.9817,0.857582435668243,260.0543,300.2936,"training",0.17
"no","8b","pair-4","left",17,1097.51,3.65723,17,214.81,3.00294,17,85.4837,0,5,13.8135,13.4131,13,52.4514,0,"blue","right",52.4514,13.8135,-38.6379,38.6379,0.791541223181503,66.2649,300.2937,"training",0.14
"yes","1a","pair-1","left",18,169.073,0.563401,2,290.284,0,1,10.0098,2.40235,1,5.60549,0,1,290.685,9.60941,"blue","right",290.685,5.60549,-285.07951,285.07951,0.981081100510516,296.29049,300.2938,"training",0.29
"yes","1b","pair-1","right",18,480.446,1.60099,18,214.81,1.40137,17,85.2835,0,5,244.239,0,3,14.8145,160.157,"green","left",244.239,14.8145,229.4245,229.4245,0.942812971065822,259.0535,300.0935,"training",0.1
"yes","2a","pair-1","right",18,551.835,1.83888,11,251.246,0.800784,12,49.048,0,5,235.43,16.2159,2,8.40823,0,"blue","left",235.43,8.40823,-227.02177,227.02177,0.965517179156033,243.83823,300.294,"training",0.2
"yes","2b","pair-1","right",18,153.336,0.510962,1,300.294,0,0,0,300,1,300.294,0,0,0,300,"blue","left",300.294,0,-300.294,300.294,1,300.294,300.294,"training",0.11
"yes","3a","pair-1","left",18,501.214,1.67019,24,220.416,0,23,79.8782,1.00098,7,99.6976,0,5,161.558,117.115,"blue","right",161.558,99.6976,-61.8604,61.8604,0.61839057229778,261.2556,300.2942,"training",0.2
"yes","3b","pair-1","left",18,281.286,0.937327,10,263.058,5.40529,10,37.2365,0,0,0,300,5,286.28,0,"green","right",286.28,0,286.28,286.28,1,286.28,300.2945,"training",0.12
"yes","4a","pair-1","right",18,184.312,0.614183,1,287.081,13.2129,1,13.2129,0,1,300.294,0,0,0,300,"green","left",300.294,0,300.294,300.294,1,300.294,300.2939,"training",0.21
"yes","4b","pair-1","right",18,216.681,0.722043,2,297.691,0,1,2.60255,3.00294,1,300.294,0,0,0,300,"green","left",300.294,0,300.294,300.294,1,300.294,300.29355,"training",0.11
"yes","5a","pair-1","left",18,212.374,0.707691,1,300.294,0,0,0,300,0,0,300,1,300.294,0,"green","right",300.294,0,300.294,300.294,1,300.294,300.294,"training",0.18
"yes","5b","pair-1","right",18,957.429,3.19043,21,246.241,0,20,54.0529,7.00686,7,130.328,0,12,52.8517,77.8762,"blue","left",130.328,52.8517,-77.4763,77.4763,0.711476217069905,183.1797,300.2939,"training",0.13
"yes","6a","pair-1","left",18,393.839,1.31239,16,250.645,3.00294,16,49.6486,0,2,40.0392,0,2,249.845,49.2482,"green","right",249.845,40.0392,209.8058,209.8058,0.861878639815485,289.8842,300.2936,"training",0.15
"yes","6b","pair-1","left",18,470.396,1.5675,19,217.413,0,18,82.8811,0.200196,8,81.4798,0,5,95.4935,181.778,"green","right",95.4935,81.4798,14.0137,14.0137,0.539592695621317,176.9733,300.2941,"training",0.11
"yes","7a","pair-1","right",18,310.657,1.0352,6,269.464,0,6,30.8302,1.00098,2,256.051,37.837,3,20.8204,0.600588,"blue","left",256.051,20.8204,-235.2306,235.2306,0.924801189288601,276.8714,300.2942,"training",0.31
"yes","7b","pair-1","left",18,516.606,1.72148,13,206.202,0,12,94.0921,9.40921,1,7.00686,74.8733,10,178.775,0,"blue","right",178.775,7.00686,-171.76814,171.76814,0.962284477074349,185.78186,300.2941,"training",0.13
"yes","8a","pair-1","right",18,506.478,1.68773,14,252.247,3.00294,14,48.047,0,1,177.774,122.52,6,62.0608,1.20118,"green","left",177.774,62.0608,115.7132,115.7132,0.741235216907638,239.8348,300.294,"training",0.17
"no","8b","pair-1","left",18,908.078,3.02598,21,185.782,0,20,114.512,4.00392,6,25.6251,49.4484,11,87.6858,0,"blue","right",87.6858,25.6251,-62.0607,62.0607,0.773851412353092,113.3109,300.294,"training",0.14
"yes","1a","pair-2","right",19,117.575,0.391794,1,300.294,0,0,0,300,1,300.294,0,0,0,300,"blue","left",300.294,0,-300.294,300.294,1,300.294,300.294,"training",0.29
"yes","1b","pair-2","right",19,177.602,0.59182,1,298.292,0,1,2.00196,298.292,1,300.294,0,0,0,300,"green","left",300.294,0,300.294,300.294,1,300.294,300.29396,"training",0.1
"yes","2a","pair-2","left",19,232.05,0.77326,5,292.086,0.400392,5,8.20804,0,2,11.211,0,2,283.478,16.6163,"blue","right",283.478,11.211,-272.267,272.267,0.961956503296696,294.689,300.29404,"training",0.2
"yes","2b","pair-2","left",19,287.277,0.957291,8,269.264,0,7,31.0304,0.400392,4,57.8566,0.600588,2,226.221,72.6711,"blue","right",226.221,57.8566,-168.3644,168.3644,0.796335226712701,284.0776,300.2944,"training",0.11
"yes","3a","pair-2","right",19,588.282,1.96033,14,246.041,0,13,54.2531,19.6192,10,249.244,0,3,8.60843,90.4886,"blue","left",249.244,8.60843,-240.63557,240.63557,0.966614896745398,257.85243,300.2941,"training",0.2
"yes","3b","pair-2","left",19,609.976,2.03262,17,187.784,2.20216,17,112.51,0,5,40.6398,0,4,152.149,44.0431,"green","right",152.149,40.6398,111.5092,111.5092,0.789200409982323,192.7888,300.294,"training",0.12
"yes","4a","pair-2","left",19,334.949,1.11615,7,282.477,0,6,17.8174,1.80176,2,79.2776,0,1,186.583,113.711,"green","right",186.583,79.2776,107.3054,107.3054,0.701807639040911,265.8606,300.2944,"training",0.21
"yes","4b","pair-2","left",19,262.336,0.87418,6,296.49,0,5,3.80372,225.621,0,0,300,4,295.289,0,"green","right",295.289,0,295.289,295.289,1,295.289,300.29372,"training",0.11
"yes","5a","pair-2","right",19,282.993,0.943014,4,286.28,0,3,14.0137,0.600588,1,262.857,37.4367,3,20.0196,0,"green","left",262.857,20.0196,242.8374,242.8374,0.929228504584685,282.8766,300.2937,"training",0.18
"yes","5b","pair-2","right",19,921.236,3.06983,21,243.038,4.00392,21,57.2561,0,6,166.763,3.20314,11,40.2394,111.109,"blue","left",166.763,40.2394,-126.5236,126.5236,0.805609017093522,207.0024,300.2941,"training",0.13
"yes","6a","pair-2","left",19,381.273,1.27051,8,259.654,3.60353,8,40.6398,0,3,36.4357,0,2,246.441,32.8321,"green","right",246.441,36.4357,210.0053,210.0053,0.871195824894733,282.8767,300.2938,"training",0.15
"yes","6b","pair-2","left",19,372.417,1.241,9,245.64,10.8106,9,54.6535,0,3,72.2708,3.00294,2,200.396,98.096,"green","right",200.396,72.2708,128.1252,128.1252,0.734948295868804,272.6668,300.2935,"training",0.11
"yes","7a","pair-2","right",19,352.778,1.17556,11,275.269,0,10,25.0245,101.9,2,251.646,0,4,11.6114,273.268,"blue","left",251.646,11.6114,-240.0346,240.0346,0.955893357603623,263.2574,300.2935,"training",0.31
"yes","7b","pair-2","left",19,384.773,1.28217,7,214.01,0,6,86.2845,13.4131,3,14.4141,230.826,5,223.219,13.2129,"blue","right",223.219,14.4141,-208.8049,208.8049,0.939343046065552,237.6331,300.2945,"training",0.13
"yes","8a","pair-2","right",19,419.538,1.39802,7,257.652,10.6104,7,42.6417,0,4,261.656,8.20804,2,7.00686,180.377,"green","left",261.656,7.00686,254.64914,254.64914,0.973919506402932,268.66286,300.2937,"training",0.17
"no","8b","pair-2","right",19,938.991,3.12899,18,182.178,6.40627,18,118.116,0,8,66.0647,42.0412,8,39.0382,115.713,"blue","left",66.0647,39.0382,-27.0265,27.0265,0.628571618861135,105.1029,300.294,"training",0.14
"yes","1a","pair-4","left",2,333.491,1.11129,9,250.846,2.00196,9,49.4484,0,3,27.0265,229.625,2,223.819,0,"blue","right",223.819,27.0265,-196.7925,196.7925,0.892258382151563,250.8455,300.2944,"training",0.29
"yes","1b","pair-4","left",2,584.056,1.94624,16,194.991,0,15,105.303,9.20902,4,25.6251,8.40823,7,190.386,65.0637,"green","right",190.386,25.6251,164.7609,164.7609,0.88137137397106,216.0111,300.294,"training",0.1
"yes","2a","pair-4","right",2,444.224,1.48028,10,244.64,0.200196,10,55.6545,0,1,167.564,132.73,3,43.6427,8.80862,"blue","left",167.564,43.6427,-123.9213,123.9213,0.793364983213127,211.2067,300.2945,"training",0.2
"yes","2b","pair-4","right",2,196.132,0.65357,10,246.842,0,9,53.4523,6.40627,4,288.082,6.40627,0,0,300,"blue","left",288.082,0,-288.082,288.082,1,288.082,300.2943,"training",0.11
"yes","3a","pair-4","left",2,355.208,1.18366,11,274.869,5.40529,11,25.4249,0,1,1.80176,3.60353,2,271.666,17.0167,"blue","right",271.666,1.80176,-269.86424,269.86424,0.993411435410156,273.46776,300.2939,"training",0.2
"yes","3b","pair-4","right",2,1064.39,3.54686,21,230.626,0,20,69.6682,0.200196,12,64.4631,46.6457,13,33.0323,0.200196,"green","left",64.4631,33.0323,31.4308,31.4308,0.661191194661492,97.4954,300.2942,"training",0.12
"yes","4a","pair-4","left",2,573.576,1.91132,10,208.204,0,9,92.0902,73.0715,6,44.6437,70.8694,6,96.0941,24.2237,"green","right",96.0941,44.6437,51.4504,51.4504,0.682788135099454,140.7378,300.2942,"training",0.21
"yes","4b","pair-4","left",2,725.482,2.41752,19,198.594,0,18,101.7,8.40823,4,13.0127,8.40823,12,109.707,41.841,"green","right",109.707,13.0127,96.6943,96.6943,0.893964049781738,122.7197,300.294,"training",0.11
"yes","5a","pair-4","right",2,667.614,2.23064,30,189.586,0,29,109.908,3.40333,10,43.2423,0,13,90.4886,11.0108,"green","left",43.2423,90.4886,-47.2463,-47.2463,0.323353091918173,133.7309,299.494,"training",0.18
"no","5b","pair-4","left",2,1414.98,4.71511,17,238.634,1.20118,16,61.4602,0,14,33.6329,0,11,21.8214,14.0137,"blue","right",21.8214,33.6329,11.8115,-11.8115,0.393502397469628,55.4543,300.0942,"training",0.13
"yes","6a","pair-4","right",2,695.874,2.31885,20,202.999,0,19,97.2953,7.00686,7,187.784,1.20118,2,5.0049,24.0235,"green","left",187.784,5.0049,182.7791,182.7791,0.974039480488763,192.7889,300.2943,"training",0.15
"no","6b","pair-4","left",2,897.745,2.99155,26,160.958,0,25,139.336,7.20706,9,42.4416,173.57,9,67.8664,13.0127,"green","right",67.8664,42.4416,25.4248,25.4248,0.615244587881205,110.308,300.294,"training",0.11
"yes","7a","pair-4","left",2,538.081,1.79304,14,224.62,0,13,75.6741,2.20216,4,22.0216,23.6231,4,205.201,46.0451,"blue","right",205.201,22.0216,-183.1794,183.1794,0.903083584115312,227.2226,300.2941,"training",0.31
"no","7b","pair-4","left",2,396.488,1.32121,6,165.762,0,5,134.532,17.2169,5,40.4396,30.2296,3,51.4504,0,"blue","right",51.4504,40.4396,-11.0108,11.0108,0.559912939384046,91.89,300.294,"training",0.13
"yes","8a","pair-4","right",2,865.405,2.88378,28,177.974,5.60549,28,122.32,0,7,86.8851,166.163,10,69.8684,10.0098,"green","left",86.8851,69.8684,17.0167,17.0167,0.554278532855726,156.7535,300.294,"training",0.17
"no","8b","pair-4","right",2,1049.24,3.49636,13,291.686,0,6,7.00686,0.800784,11,41.4406,5.40529,11,14.0137,0,"blue","left",41.4406,14.0137,-27.4269,27.4269,0.747292815886234,55.4543,298.69286,"training",0.14
"yes","1a","pair-3","right",20,216.284,0.720722,4,280.475,0,3,19.8194,1.80176,1,268.062,32.2316,3,20.42,0.800784,"blue","left",268.062,20.42,-247.642,247.642,0.929215687633891,288.482,300.2944,"training",0.29
"yes","1b","pair-3","left",20,267.512,0.891427,7,244.84,0,6,55.4543,0.200196,3,60.4592,0,1,213.209,87.0853,"green","right",213.209,60.4592,152.7498,152.7498,0.779078460705336,273.6682,300.2943,"training",0.1
"yes","2a","pair-3","right",20,194.26,0.647331,1,300.294,0,0,0,300,1,300.294,0,0,0,300,"blue","left",300.294,0,-300.294,300.294,1,300.294,300.294,"training",0.2
"yes","2b","pair-3","left",20,366.442,1.22109,13,247.242,0,13,53.0519,3.60353,2,20.6202,0,1,253.448,31.4308,"blue","right",253.448,20.6202,-232.8278,232.8278,0.924762522612985,274.0682,300.2939,"training",0.11
"yes","3a","pair-3","left",20,555.09,1.84972,21,239.034,0,20,61.26,19.6192,5,44.6437,100.098,4,215.211,0,"blue","right",215.211,44.6437,-170.5673,170.5673,0.828197450344365,259.8547,300.294,"training",0.2
"yes","3b","pair-3","left",20,283.062,0.943243,9,270.865,0,8,29.2286,2.40235,1,8.00784,0,4,282.677,14.8145,"green","right",282.677,8.00784,274.66916,274.66916,0.972451814136575,290.68484,300.0936,"training",0.12
"yes","4a","pair-3","right",20,180.517,0.601535,2,274.469,0,1,25.8253,268.062,1,300.294,0,0,0,300,"green","left",300.294,0,300.294,300.294,1,300.294,300.2943,"training",0.21
"yes","4b","pair-3","right",20,173.944,0.579632,1,300.294,0,0,0,300,1,300.294,0,0,0,300,"green","left",300.294,0,300.294,300.294,1,300.294,300.294,"training",0.11
"yes","5a","pair-3","left",20,185.211,0.617176,1,300.294,0,0,0,300,0,0,300,1,300.294,0,"green","right",300.294,0,300.294,300.294,1,300.294,300.294,"training",0.18
"yes","5b","pair-3","right",20,832.499,2.77413,21,259.654,0,20,40.6398,4.60451,8,196.192,4.60451,9,30.4298,158.755,"blue","left",196.192,30.4298,-165.7622,165.7622,0.865724303663637,226.6218,300.2938,"training",0.13
"yes","6a","pair-3","right",20,554.358,1.84728,15,266.661,0,14,33.6329,4.40431,5,265.06,0,3,9.8096,219.415,"green","left",265.06,9.8096,255.2504,255.2504,0.964311804579335,274.8696,300.2939,"training",0.15
"yes","6b","pair-3","right",20,202.144,0.673603,4,286.881,0,3,13.4131,34.4337,1,300.294,0,0,0,300,"green","left",300.294,0,300.294,300.294,1,300.294,300.2941,"training",0.11
"yes","7a","pair-3","left",20,564.696,1.88173,17,220.416,0,16,79.8782,23.6231,5,42.8419,180.377,5,154.752,0,"blue","right",154.752,42.8419,-111.9101,111.9101,0.783182071916188,197.5939,300.2942,"training",0.31
"yes","7b","pair-3","left",20,266.424,0.887802,4,255.65,27.4269,4,44.6437,0,1,6.40627,0,2,263.458,20.0196,"blue","right",263.458,6.40627,-257.05173,257.05173,0.976261140461462,269.86427,300.2937,"training",0.13
"yes","8a","pair-3","right",20,455.202,1.51687,10,252.247,0,10,48.047,33.2325,4,246.641,0,4,16.6163,180.377,"green","left",246.641,16.6163,230.0247,230.0247,0.936881902230252,263.2573,300.294,"training",0.17
"no","8b","pair-3","right",20,1092.99,3.64215,31,177.574,5.80568,31,122.52,0,18,96.8949,9.40921,7,33.0323,87.0853,"blue","left",96.8949,33.0323,-63.8626,63.8626,0.74576301190205,129.9272,300.094,"training",0.14
"NA","1a","pair-a","right",21,1099.85,3.66501,23,197.593,0.800784,23,102.701,0,15,134.932,0,10,35.2345,19.8194,"blue","left",134.932,35.2345,-99.6975,99.6975,0.792941031284066,170.1665,300.294,"test",0.29
"NA","1b","pair-a","right",21,1047.81,3.4916,21,196.793,5.0049,22,103.501,0,13,123.921,0,9,44.6437,56.8557,"green","left",123.921,44.6437,79.2773,79.2773,0.735153920126812,168.5647,300.294,"test",0.1
"NA","2a","pair-a","left",21,872.662,2.90796,21,134.131,1.60157,21,166.163,0,6,47.4465,61.6604,16,97.2953,0,"blue","right",97.2953,47.4465,-49.8488,49.8488,0.672199046854468,144.7418,300.294,"test",0.2
"NA","2b","pair-a","right",21,644.888,2.14896,21,126.724,0,20,173.57,1.20118,8,103.101,0,5,63.0617,71.2698,"blue","left",103.101,63.0617,-40.0393,40.0393,0.620482214119053,166.1627,300.294,"test",0.11
"NA","3a","pair-a","left",21,1100.64,3.66767,28,195.191,0,28,105.103,2.00196,7,45.2443,12.6123,16,122.32,1.00098,"blue","right",122.32,45.2443,-77.0757,77.0757,0.729988428322739,167.5643,300.294,"test",0.2
"NA","3b","pair-a","left",21,1047.32,3.48997,32,155.752,0,31,144.542,1.40137,11,56.6555,36.0353,11,82.4808,0,"green","right",82.4808,56.6555,25.8253,25.8253,0.5928057595322,139.1363,300.294,"test",0.12
"NA","4a","pair-a","right",21,997.385,3.32358,27,171.168,0,26,129.126,13.8135,9,90.6888,15.2149,11,55.2541,72.2708,"green","left",90.6888,55.2541,35.4347,35.4347,0.621399191053487,145.9429,300.294,"test",0.21
"NA","4b","pair-a","left",21,1098.69,3.66114,41,156.153,0.200196,41,144.141,0,12,79.678,76.0745,12,85.4837,0,"green","right",85.4837,79.678,5.8057,5.8057,0.517575806013137,165.1617,300.294,"test",0.11
"NA","5a","pair-a","right",21,1240.18,4.13263,30,172.369,0,29,127.925,5.2051,15,116.514,0,9,39.6388,52.051,"green","left",116.514,39.6388,76.8752,76.8752,0.746153767335584,156.1528,300.294,"test",0.18
"NA","5b","pair-a","left",21,1315.23,4.38272,41,182.779,0.200196,41,117.515,0,12,52.8517,0,17,98.2962,12.6123,"blue","right",98.2962,52.8517,-45.4445,45.4445,0.650331231859655,151.1479,300.294,"test",0.13
"NA","6a","pair-a","left",21,1073.45,3.57704,36,183.58,0,35,116.714,5.40529,10,105.503,0,11,97.0951,35.6349,"green","right",97.0951,105.503,-8.4079,-8.4079,0.479249805402914,202.5981,300.294,"test",0.15
"NA","6b","pair-a","right",21,898.804,2.99508,24,148.746,0,24,151.548,2.00196,13,118.316,0,6,44.6437,54.6535,"green","left",118.316,44.6437,73.6723,73.6723,0.72604453739176,162.9597,300.294,"test",0.11
"NA","7a","pair-a","right",21,925.985,3.08565,20,204.801,5.80568,20,95.4935,0,8,60.0588,10.4102,10,65.6643,0,"blue","left",60.0588,65.6643,5.6055,-5.6055,0.477706960773319,125.7231,300.2945,"test",0.31
"NA","7b","pair-a","right",21,910.526,3.03414,23,129.727,10.6104,23,170.567,0,7,31.631,0,8,66.6653,8.60843,"blue","left",31.631,66.6653,35.0343,-35.0343,0.321792376722216,98.2963,300.294,"test",0.13
"NA","8a","pair-a","left",21,1124.77,3.74805,29,195.992,0,28,104.302,1.00098,13,35.2345,0,15,84.0823,13.0127,"green","right",84.0823,35.2345,48.8478,48.8478,0.704697913453931,119.3168,300.294,"test",0.17
"NA","8b","pair-a","left",21,1142.33,3.80659,22,199.595,0,21,100.699,2.20216,13,72.0706,0,8,23.6231,19.2188,"blue","right",23.6231,72.0706,48.4475,-48.4475,0.246861601129437,95.6937,300.294,"test",0.14
"yes","1a","pair-2","right",22,111.537,0.371672,1,300.294,0,0,0,300,1,300.294,0,0,0,300,"blue","left",300.294,0,-300.294,300.294,1,300.294,300.294,"refresher",0.29
"yes","1b","pair-2","left",22,273.503,0.91139,7,242.838,13.2129,7,57.2561,0,1,46.2453,0,1,249.244,51.05,"green","right",249.244,46.2453,202.9987,202.9987,0.843495855856709,295.4893,300.0941,"refresher",0.1
"yes","2a","pair-2","right",22,187.483,0.624748,1,300.294,0,0,0,300,1,300.294,0,0,0,300,"blue","left",300.294,0,-300.294,300.294,1,300.294,300.294,"refresher",0.2
"yes","2b","pair-2","left",22,442.305,1.47389,13,218.013,0,13,82.2806,7.60745,5,28.0274,4.40431,3,233.228,47.8468,"blue","right",233.228,28.0274,-205.2006,205.2006,0.892720303580328,261.2554,300.2936,"refresher",0.11
"yes","3a","pair-2","right",22,200.629,0.668554,2,295.689,0,1,4.60451,249.444,2,299.293,0,0,0,300,"blue","left",299.293,0,-299.293,299.293,1,299.293,300.29351,"refresher",0.2
"yes","3b","pair-2","left",22,552.266,1.84031,16,232.428,0,16,67.8664,135.933,5,24.2237,191.187,7,233.228,0,"green","right",233.228,24.2237,209.0043,209.0043,0.905909729863893,257.4517,300.2944,"refresher",0.12
"yes","4a","pair-2","right",22,144.807,0.482539,1,300.294,0,0,0,300,1,300.294,0,0,0,300,"green","left",300.294,0,300.294,300.294,1,300.294,300.294,"refresher",0.21
"yes","4b","pair-2","left",22,194.238,0.647259,2,291.085,0,1,9.20902,286.48,0,0,300,2,297.892,0,"green","right",297.892,0,297.892,297.892,1,297.892,300.29402,"refresher",0.11
"yes","5a","pair-2","right",22,353.294,1.17728,8,260.655,0,7,39.6388,214.81,4,267.262,0,3,13.0127,235.23,"green","left",267.262,13.0127,254.2493,254.2493,0.953571620984698,280.2747,300.2938,"refresher",0.18
"yes","5b","pair-2","left",22,1125.89,3.75181,21,227.823,2.20216,21,72.471,0,7,27.2267,65.4641,14,132.93,7.20706,"blue","right",132.93,27.2267,-105.7033,105.7033,0.829999619123021,160.1567,300.294,"refresher",0.13
"yes","6a","pair-2","right",22,372.481,1.24122,8,264.259,0,7,36.0353,103.902,3,281.476,0,1,9.8096,197.994,"green","left",281.476,9.8096,271.6664,271.6664,0.966323086345497,291.2856,300.2943,"refresher",0.15
"yes","6b","pair-2","left",22,243.669,0.811975,5,284.078,0,4,16.2159,6.80666,2,19.2188,0,1,266.461,33.8331,"green","right",266.461,19.2188,247.2422,247.2422,0.932726080037861,285.6798,300.2939,"refresher",0.11
"yes","7a","pair-2","right",22,649.062,2.16287,16,240.035,4.20412,16,60.259,0,5,200.797,23.6231,6,21.0206,1.20118,"blue","left",200.797,21.0206,-179.7764,179.7764,0.905234751435414,221.8176,300.294,"refresher",0.31
"yes","7b","pair-2","left",22,606.121,2.01977,19,197.794,0,18,102.5,2.40235,5,31.631,2.40235,4,171.168,18.418,"blue","right",171.168,31.631,-139.537,139.537,0.844027830511985,202.799,300.294,"refresher",0.13
"yes","8a","pair-2","right",22,624.319,2.08041,12,254.85,0,11,45.4445,59.4582,5,185.982,0,2,9.8096,121.119,"green","left",185.982,9.8096,176.1724,176.1724,0.949897748422302,195.7916,300.2945,"refresher",0.17
"no","8b","pair-2","left",22,1106.08,3.68577,22,177.374,6.40627,22,122.92,0,16,90.889,0,7,17.8174,89.2874,"blue","right",17.8174,90.889,73.0716,-73.0716,0.163903873185019,108.7064,300.294,"refresher",0.14
"NA","1a","pair-b","left",23,1306.29,4.35292,22,200.596,0,22,99.6976,2.20216,16,68.8674,2.40235,10,43.8429,26.0255,"blue","right",43.8429,68.8674,25.0245,-25.0245,0.388987519330531,112.7103,300.2936,"test",0.29
"NA","1b","pair-b","left",23,952.678,3.1746,23,123.921,9.20902,23,176.172,0,10,105.703,53.4523,9,87.6858,6.80666,"green","right",87.6858,105.703,-18.0172,-18.0172,0.453417157560314,193.3888,300.093,"test",0.1
"NA","2a","pair-b","right",23,641.658,2.13819,15,195.591,2.40235,15,104.703,0,14,64.4631,0,0,0,300,"blue","left",64.4631,0,-64.4631,64.4631,1,64.4631,300.294,"test",0.2
"NA","2b","pair-b","left",23,1105.56,3.68405,31,160.557,0,30,139.737,0.400392,11,99.097,0,10,77.4759,48.6476,"blue","right",77.4759,99.097,21.6211,-21.6211,0.438775712467768,176.5729,300.294,"test",0.11
"NA","3a","pair-b","right",23,1110.35,3.70002,30,153.35,0,30,146.944,1.80176,14,104.903,0.400392,9,69.468,17.8174,"blue","left",104.903,69.468,-35.435,35.435,0.601608065561361,174.371,300.294,"test",0.2
"NA","3b","pair-b","right",23,835.737,2.78492,25,149.747,0,25,150.547,0.400392,7,72.471,24.2237,10,63.4621,0,"green","left",72.471,63.4621,9.0089,9.0089,0.53313725648867,135.9331,300.294,"test",0.12
"NA","4a","pair-b","left",23,907.317,3.02344,22,161.758,0,21,138.536,1.20118,10,96.0941,9.60941,9,69.2678,0,"green","right",69.2678,96.0941,-26.8263,-26.8263,0.418886091657147,165.3619,300.294,"test",0.21
"NA","4b","pair-b","right",23,850.978,2.83571,26,122.92,5.80568,26,177.374,0,10,73.8723,49.048,8,66.6653,0,"green","left",73.8723,66.6653,7.20699999999999,7.20699999999999,0.525640824946491,140.5376,300.294,"test",0.11
"NA","5a","pair-b","left",23,869.422,2.89717,23,206.802,0,23,93.4915,5.80568,9,108.106,37.6368,8,75.0735,1.40137,"green","right",75.0735,108.106,-33.0325,-33.0325,0.409835707598285,183.1795,300.2935,"test",0.18
"NA","5b","pair-b","right",23,1138.61,3.80686,30,157.154,1.00098,30,142.139,2.60255,15,100.899,12.0118,8,37.0363,1.00098,"blue","left",100.899,37.0363,-63.8627,63.8627,0.731495128513151,137.9353,299.293,"test",0.13
"NA","6a","pair-b","right",23,946.39,3.15365,27,187.584,0,27,112.71,3.60353,11,162.96,0,7,40.4396,30.63,"green","left",162.96,40.4396,122.5204,122.5204,0.801181516581154,203.3996,300.294,"test",0.15
"NA","6b","pair-b","left",23,914.189,3.04634,20,142.339,0,19,157.955,0.800784,11,95.6937,0.800784,8,55.4543,34.2335,"green","right",55.4543,95.6937,-40.2394,-40.2394,0.366887421600021,151.148,300.294,"test",0.11
"NA","7a","pair-b","left",23,826.235,2.75326,20,191.588,0,19,108.706,4.40431,9,63.4621,0,7,43.0421,19.2188,"blue","right",43.0421,63.4621,20.42,-20.42,0.404135235981304,106.5042,300.294,"test",0.31
"NA","7b","pair-b","left",23,751.97,2.50578,22,142.339,2.60255,22,157.955,0,5,55.0539,78.2766,9,99.4974,0,"blue","right",99.4974,55.0539,-44.4435,44.4435,0.643782355761485,154.5513,300.294,"test",0.13
"NA","8a","pair-b","right",23,829.89,2.76543,17,245.841,1.60157,17,54.4533,0,9,70.0686,0,7,24.8243,26.0255,"green","left",70.0686,24.8243,45.2443,45.2443,0.738396655598048,94.8929,300.2943,"test",0.17
"NA","8b","pair-b","right",23,1098.07,3.65911,17,212.008,0,16,88.2864,3.20314,11,50.6496,3.20314,9,36.8361,15.6153,"blue","left",50.6496,36.8361,-13.8135,13.8135,0.578947187940429,87.4857,300.2944,"test",0.14
"yes","1a","pair-3","left",24,234.541,0.782602,10,228.424,0.400392,9,71.2698,4.40431,2,18.418,198.795,2,274.068,0.400392,"blue","right",274.068,18.418,-255.65,255.65,0.937029464658137,292.486,299.6938,"refresher",0.29
"yes","1b","pair-3","right",24,343.636,1.14509,13,237.232,0,13,63.0617,122.92,3,260.855,0,1,11.8116,199.195,"green","left",260.855,11.8116,249.0434,249.0434,0.956681163002729,272.6666,300.2937,"refresher",0.1
"yes","2a","pair-3","left",24,255.306,0.851891,11,272.467,3.20314,11,27.4269,0.400392,0,0,300,2,294.488,0.400392,"blue","right",294.488,0,-294.488,294.488,1,294.488,299.8939,"refresher",0.2
"yes","2b","pair-3","right",24,101.841,0.339363,1,300.294,0,0,0,300,1,300.294,0,0,0,300,"blue","left",300.294,0,-300.294,300.294,1,300.294,300.294,"refresher",0.11
"yes","3a","pair-3","left",24,175.265,0.584033,3,298.492,0,2,1.80176,224.42,0,0,300,1,300.294,0,"blue","right",300.294,0,-300.294,300.294,1,300.294,300.29376,"refresher",0.2
"yes","3b","pair-3","right",24,232.323,0.774168,9,268.263,0,8,32.0314,2.40235,3,291.886,2.20216,0,0,300,"green","left",291.886,0,291.886,291.886,1,291.886,300.2944,"refresher",0.12
"yes","4a","pair-3","left",24,142.095,0.473501,1,300.294,0,0,0,300,0,0,300,1,300.294,0,"green","right",300.294,0,300.294,300.294,1,300.294,300.294,"refresher",0.21
"yes","4b","pair-3","right",24,267.281,0.89066,7,278.873,1.00098,7,21.421,0,1,300.294,0,0,0,300,"green","left",300.294,0,300.294,300.294,1,300.294,300.294,"refresher",0.11
"yes","5a","pair-3","left",24,320.256,1.06719,11,244.239,0.600588,12,56.0549,0,2,25.2247,0,1,253.248,47.0461,"green","right",253.248,25.2247,228.0233,228.0233,0.909417691572639,278.4727,300.2939,"refresher",0.18
"yes","5b","pair-3","right",24,529.592,1.76475,15,270.064,0,14,30.2296,89.6878,4,211.807,0,2,12.8125,191.187,"blue","left",211.807,12.8125,-198.9945,198.9945,0.942959093044014,224.6195,300.2936,"refresher",0.13
"yes","6a","pair-3","left",24,249.317,0.830797,7,285.279,0,6,15.0147,29.8292,0,0,300,1,300.294,0,"green","right",300.294,0,300.294,300.294,1,300.294,300.2937,"refresher",0.15
"yes","6b","pair-3","right",24,319.623,1.06508,7,227.222,0,6,73.0715,0.600588,1,202.198,98.096,4,50.4494,6.00588,"green","left",202.198,50.4494,151.7486,151.7486,0.800316963483495,252.6474,300.2935,"refresher",0.11
"yes","7a","pair-3","left",24,426.438,1.42102,12,249.845,0,11,50.4494,115.313,4,28.8282,125.723,4,230.426,0,"blue","right",230.426,28.8282,-201.5978,201.5978,0.888803344362406,259.2542,300.2944,"refresher",0.31
"yes","7b","pair-3","right",24,218.575,0.728356,4,289.884,0,3,10.4102,6.80666,1,283.077,17.2169,0,0,300,"blue","left",283.077,0,-283.077,283.077,1,283.077,300.2942,"refresher",0.13
"yes","8a","pair-3","left",24,313.86,1.04587,9,265.66,0.200196,10,34.6339,0,1,37.4367,0,3,247.442,49.048,"green","right",247.442,37.4367,210.0053,210.0053,0.868587226774062,284.8787,300.2939,"refresher",0.17
"no","8b","pair-3","right",24,747.088,2.48951,21,133.931,17.8174,22,166.363,0,7,26.2257,1.60157,10,57.8566,111.709,"blue","left",26.2257,57.8566,31.6309,-31.6309,0.311905121529739,84.0823,300.294,"refresher",0.14
"NA","1a","pair-c","right",25,803.07,2.67606,22,161.758,3.40333,22,138.536,0,12,79.8782,26.6261,6,118.316,0,"blue","left",79.8782,118.316,38.4378,-38.4378,0.403029957486142,198.1942,300.294,"test",0.29
"NA","1b","pair-c","right",25,948.584,3.16307,23,167.764,12.8125,23,132.33,0.200196,8,136.534,10.8106,8,66.4651,0.200196,"green","left",136.534,66.4651,70.0689,70.0689,0.672584262688849,202.9991,300.094,"test",0.1
"NA","2a","pair-c","left",25,749.257,2.49674,23,169.566,0,23,130.528,1.80176,8,66.6653,51.8508,8,69.2678,0,"blue","right",69.2678,66.6653,-2.60249999999999,2.60249999999999,0.509572723641262,135.9331,300.094,"test",0.2
"NA","2b","pair-c","right",25,764.887,2.54882,21,130.528,0.600588,22,169.766,0,8,121.919,42.6417,8,58.4572,1.20118,"blue","left",121.919,58.4572,-63.4618,63.4618,0.675915115187037,180.3762,300.294,"test",0.11
"NA","3a","pair-c","left",25,960.537,3.20079,25,171.968,1.40137,25,128.326,0,9,74.6731,10.4102,12,86.0843,0,"blue","right",86.0843,74.6731,-11.4112,11.4112,0.535491989793316,160.7574,300.294,"test",0.2
"NA","3b","pair-c","left",25,621.682,2.07162,23,84.4827,0,23,215.811,9.00882,8,107.505,0,7,72.8713,22.0216,"green","right",72.8713,107.505,-34.6337,-34.6337,0.403995979516156,180.3763,300.2937,"test",0.12
"NA","4a","pair-c","right",25,632.068,2.10624,22,202.999,8.80862,22,97.2953,0,13,198.995,6.60647,2,14.0137,0,"green","left",198.995,14.0137,184.9813,184.9813,0.93421066839054,213.0087,300.2943,"test",0.21
"NA","4b","pair-c","left",25,999.264,3.32984,28,170.167,5.0049,28,130.127,0,11,71.6702,49.6486,11,79.4778,0,"green","right",79.4778,71.6702,7.80760000000001,7.80760000000001,0.52582766559928,151.148,300.294,"test",0.11
"NA","5a","pair-c","right",25,607.293,2.02368,20,175.372,0,19,124.922,10.4102,9,148.946,52.6515,5,76.6751,0,"green","left",148.946,76.6751,72.2709,72.2709,0.66015988752825,225.6211,300.294,"test",0.18
"NA","5b","pair-c","left",25,1014.64,3.38107,33,205.401,0,32,94.8929,2.60255,13,86.0843,0,6,35.8351,17.4171,"blue","right",35.8351,86.0843,50.2492,-50.2492,0.293924510783354,121.9194,300.2939,"test",0.13
"NA","6a","pair-c","left",25,823.57,2.74438,32,133.731,2.00196,33,166.563,0,6,68.2668,0,12,131.329,27.0265,"green","right",131.329,68.2668,63.0622,63.0622,0.657974767004115,199.5958,300.294,"test",0.15
"NA","6b","pair-c","right",25,681.342,2.27043,24,154.351,1.20118,24,145.943,0,10,153.751,0,3,24.2237,102.5,"green","left",153.751,24.2237,129.5273,129.5273,0.863892452129432,177.9747,300.294,"test",0.11
"NA","7a","pair-c","right",25,818.651,2.72798,18,210.606,8.40823,18,89.6878,0,8,51.8508,6.80666,14,69.0676,0,"blue","left",51.8508,69.0676,17.2168,-17.2168,0.428808188001164,120.9184,300.2938,"test",0.31
"NA","7b","pair-c","right",25,652.629,2.17475,20,77.8762,0,20,222.418,1.00098,10,111.709,0,4,45.4445,57.2561,"blue","left",111.709,45.4445,-66.2645,66.2645,0.710827312150223,157.1535,300.2942,"test",0.13
"NA","8a","pair-c","left",25,822.379,2.74041,15,193.389,4.8047,16,106.905,0,7,44.8439,23.8233,10,97.6956,0,"green","right",97.6956,44.8439,52.8517,52.8517,0.685393171717313,142.5395,300.294,"test",0.17
"NA","8b","pair-c","left",25,872.306,2.90678,17,166.163,0.800784,17,134.131,0,14,107.705,0,5,17.4171,68.0666,"blue","right",17.4171,107.705,90.2879,-90.2879,0.139200828630594,125.1221,300.294,"test",0.14
"yes","1a","pair-1","right",26,119.235,0.403243,2,296.69,3.20314,0,0,300,2,296.69,3.20314,0,0,300,"blue","left",296.69,0,-296.69,296.69,1,296.69,296.69,"refresher",0.29
"yes","1b","pair-1","left",26,216.864,0.722654,13,205.801,0.200196,13,94.2923,0.400392,1,54.6535,245.64,1,236.031,0,"green","right",236.031,54.6535,181.3775,181.3775,0.811983439089459,290.6845,300.0933,"refresher",0.1
"yes","2a","pair-1","right",26,214.12,0.71351,3,296.49,0,2,3.80372,0.200196,2,285.479,13.4131,1,4.60451,0.200196,"blue","left",285.479,4.60451,-280.87449,280.87449,0.98412695020134,290.08351,300.29372,"refresher",0.2
"yes","2b","pair-1","left",26,168.624,0.675455,3,205.801,76.2747,3,44.0431,50.4494,2,20.2198,50.4494,1,205.401,94.8929,"blue","right",205.401,20.2198,-185.1812,185.1812,0.910381489649891,225.6208,249.8441,"refresher",0.11
"yes","3a","pair-1","right",26,255.111,0.850105,5,286.881,0,4,13.4131,218.214,1,300.294,0,0,0,300,"blue","left",300.294,0,-300.294,300.294,1,300.294,300.2941,"refresher",0.2
"yes","3b","pair-1","left",26,424.406,1.41425,9,206.802,0,8,93.4915,137.334,3,29.0284,197.994,3,194.991,0,"green","right",194.991,29.0284,165.9626,165.9626,0.870420151111913,224.0194,300.2935,"refresher",0.12
"yes","4a","pair-1","right",26,145.65,0.485349,1,300.294,0,0,0,300,1,300.294,0,0,0,300,"green","left",300.294,0,300.294,300.294,1,300.294,300.294,"refresher",0.21
"yes","4b","pair-1","left",26,160.345,0.534317,1,300.294,0,0,0,300,0,0,300,1,300.294,0,"green","right",300.294,0,300.294,300.294,1,300.294,300.294,"refresher",0.11
"yes","5a","pair-1","right",26,271.403,0.904395,5,265.46,5.60549,5,34.8341,0,1,284.879,15.4151,1,5.60549,0,"green","left",284.879,5.60549,279.27351,279.27351,0.980702962832887,290.48449,300.2941,"refresher",0.18
"yes","5b","pair-1","left",26,735.165,2.44978,24,151.749,0,23,148.545,2.40235,13,57.0559,25.6251,5,104.703,13.0127,"blue","right",104.703,57.0559,-47.6471,47.6471,0.647278140491806,161.7589,300.294,"refresher",0.13
"yes","6a","pair-1","right",26,241.344,0.804229,7,282.276,0,6,18.0176,26.6261,1,300.294,0,0,0,300,"green","left",300.294,0,300.294,300.294,1,300.294,300.2936,"refresher",0.15
"yes","6b","pair-1","left",26,330.784,1.10227,13,231.827,4.60451,13,68.467,0,4,37.837,10.6104,1,210.406,89.888,"green","right",210.406,37.837,172.569,172.569,0.847580797847271,248.243,300.294,"refresher",0.11
"yes","7a","pair-1","right",26,402.771,1.34215,9,254.85,7.00686,9,45.4445,0,3,197.593,56.4553,5,39.839,0,"blue","left",197.593,39.839,-157.754,157.754,0.832208800835608,237.432,300.2945,"refresher",0.31
"no","7b","pair-1","left",26,233.421,0.777825,14,215.411,0,13,84.8831,2.80274,6,241.236,2.80274,0,0,300,"blue","right",0,241.236,241.236,-241.236,0,241.236,300.2941,"refresher",0.13
"yes","8a","pair-1","right",26,379.854,1.26579,11,263.658,0,10,36.6359,4.8047,2,254.049,41.4406,2,22.422,0.600588,"green","left",254.049,22.422,231.627,231.627,0.918899269724492,276.471,300.2939,"refresher",0.17
"no","8b","pair-1","left",26,689.204,2.29663,23,124.322,8.20804,24,175.972,0,12,69.0676,0,7,47.6466,170.367,"blue","right",47.6466,69.0676,21.421,-21.421,0.408233102741569,116.7142,300.294,"refresher",0.14
"NA","1a","pair-a","right",27,677.799,2.25862,19,155.352,0,18,144.942,5.0049,14,136.934,0,5,18.2178,16.6163,"blue","left",136.934,18.2178,-118.7162,118.7162,0.88258080151181,155.1518,300.294,"test",0.29
"NA","1b","pair-a","right",27,624.975,2.0826,22,221.217,0,21,79.0774,64.4631,8,143.941,0,4,45.0441,78.2766,"green","left",143.941,45.0441,98.8969,98.8969,0.76165263822386,188.9851,300.2944,"test",0.1
"NA","2a","pair-a","right",27,824.671,2.74804,26,193.59,3.20314,26,106.704,0,13,106.304,0,6,65.2639,36.4357,"blue","left",106.304,65.2639,-41.0401,41.0401,0.619603084259934,171.5679,300.294,"test",0.2
"NA","2b","pair-a","left",27,570.227,1.90016,18,125.523,3.80372,19,174.771,0,4,156.553,2.80274,4,51.6506,26.6261,"blue","right",51.6506,156.553,104.9024,-104.9024,0.248077362735323,208.2036,300.294,"test",0.11
"NA","3a","pair-a","left",27,874.811,2.91513,21,158.956,0,20,141.338,6.20608,5,69.8684,44.0431,12,107.906,6.40627,"blue","right",107.906,69.8684,-38.0376,38.0376,0.606982782672871,177.7744,300.294,"test",0.2
"NA","3b","pair-a","left",27,954.304,3.18002,29,148.345,0,29,151.949,0.800784,12,55.2541,24.8243,8,68.8674,0,"green","right",68.8674,55.2541,13.6133,13.6133,0.554838605721007,124.1215,300.294,"test",0.12
"NA","4a","pair-a","left",27,939.79,3.13166,27,162.96,12.0118,27,137.334,0,9,73.8723,35.2345,12,86.0843,0,"green","right",86.0843,73.8723,12.212,12.212,0.538172854386752,159.9566,300.294,"test",0.21
"NA","4b","pair-a","left",27,1015.59,3.38424,28,216.812,4.60451,29,83.4817,0,10,57.2561,83.0813,10,105.503,0,"green","right",105.503,57.2561,48.2469,48.2469,0.648215675805531,162.7591,300.2937,"test",0.11
"NA","5a","pair-a","right",27,889.341,2.96354,24,182.178,0,23,118.116,13.2129,9,112.71,14.4141,7,56.8557,74.2727,"green","left",112.71,56.8557,55.8543,55.8543,0.664698108166923,169.5657,300.294,"test",0.18
"NA","5b","pair-a","right",27,1054.01,3.51227,25,174.571,0,24,125.723,1.60157,12,77.2757,32.6319,8,41.841,1.60157,"blue","left",77.2757,41.841,-35.4347,35.4347,0.648739429483859,119.1167,300.294,"test",0.13
"NA","6a","pair-a","left",27,871.823,2.90517,25,212.208,1.40137,25,88.0862,0,6,103.101,0,9,79.4778,22.6221,"green","right",79.4778,103.101,-23.6232,-23.6232,0.435306837376519,182.5788,300.2942,"test",0.15
"NA","6b","pair-a","right",27,724.476,2.41417,18,149.747,0,17,150.547,15.6153,12,118.516,0,6,35.2345,43.6427,"green","left",118.516,35.2345,83.2815,83.2815,0.770833265582876,153.7505,300.294,"test",0.11
"NA","7a","pair-a","left",27,619.194,2.06334,13,138.936,0,13,161.358,7.00686,7,80.0784,14.2139,6,50.6496,0,"blue","right",50.6496,80.0784,29.4288,-29.4288,0.387442628970075,130.728,300.294,"test",0.31
"NA","7b","pair-a","left",27,648.381,2.16059,17,95.4935,0,17,204.801,7.20706,10,83.8821,0,6,40.6398,36.0353,"blue","right",40.6398,83.8821,43.2423,-43.2423,0.326366687305607,124.5219,300.2945,"test",0.13
"NA","8a","pair-a","right",27,946.509,3.15404,17,245.04,2.00196,17,55.2541,0,10,83.2815,0.200196,4,12.0118,22.422,"green","left",83.2815,12.0118,71.2697,71.2697,0.873949165366296,95.2933,300.2941,"test",0.17
"NA","8b","pair-a","right",27,988.627,3.29439,20,177.173,5.40529,21,123.121,0,6,26.0255,27.0265,12,57.4563,1.00098,"blue","left",26.0255,57.4563,31.4308,-31.4308,0.311750585157483,83.4818,300.294,"test",0.14
"yes","1a","pair-4","left",28,107.672,0.358794,1,300.294,0,0,0,300,0,0,300,1,300.294,0,"blue","right",300.294,0,-300.294,300.294,1,300.294,300.294,"refresher",0.29
"yes","1b","pair-4","right",28,221.703,0.738777,4,296.09,0,4,4.20412,59.258,1,295.489,0,0,0,300,"green","left",295.489,0,295.489,295.489,1,295.489,300.29412,"refresher",0.1
"yes","2a","pair-4","left",28,167.61,0.558527,2,298.893,0,1,1.40137,11.4112,0,0,300,1,300.294,0,"blue","right",300.294,0,-300.294,300.294,1,300.294,300.29437,"refresher",0.2
"yes","2b","pair-4","right",28,244.632,0.815185,6,269.464,0,5,30.8302,2.20216,2,266.261,32.8321,1,4.40431,11.4112,"blue","left",266.261,4.40431,-261.85669,261.85669,0.983727837158001,270.66531,300.2942,"refresher",0.11
"yes","3a","pair-4","left",28,241.987,0.80637,4,289.483,3.80372,4,10.8106,0,0,0,300,1,290.685,9.60941,"blue","right",290.685,0,-290.685,290.685,1,290.685,300.2936,"refresher",0.2
"yes","3b","pair-4","right",28,163.414,0.544543,3,295.489,0,2,4.8047,133.731,1,300.294,0,0,0,300,"green","left",300.294,0,300.294,300.294,1,300.294,300.2937,"refresher",0.12
"yes","4a","pair-4","left",28,144.59,0.481815,1,300.294,0,0,0,300,0,0,300,1,300.294,0,"green","right",300.294,0,300.294,300.294,1,300.294,300.294,"refresher",0.21
"yes","4b","pair-4","right",28,162.285,0.540781,1,300.294,0,0,0,300,1,300.294,0,0,0,300,"green","left",300.294,0,300.294,300.294,1,300.294,300.294,"refresher",0.11
"yes","5a","pair-4","left",28,308.98,1.02961,11,271.466,2.40235,11,28.8282,0,2,8.80862,1.00098,3,251.246,46.8459,"green","right",251.246,8.80862,242.43738,242.43738,0.96612780807355,260.05462,300.2942,"refresher",0.18
"yes","5b","pair-4","right",28,415.012,1.38294,12,277.071,0,11,23.2227,29.0284,3,256.851,0,1,1.00098,299.293,"blue","left",256.851,1.00098,-255.85002,255.85002,0.996118005376573,257.85198,300.2937,"refresher",0.13
"yes","6a","pair-4","left",28,425.421,1.41763,21,255.05,0.800784,22,45.2443,0,1,44.4435,0,2,243.639,52.6515,"green","right",243.639,44.4435,199.1955,199.1955,0.845726484600765,288.0825,300.2943,"refresher",0.15
"yes","6b","pair-4","right",28,226.109,0.753461,5,285.88,0,4,14.4141,10.4102,1,284.479,15.8155,0,0,300,"green","left",284.479,0,284.479,284.479,1,284.479,300.2941,"refresher",0.11
"yes","7a","pair-4","left",28,449.029,1.4963,16,215.011,0,15,85.2835,0.200196,5,29.8292,5.60549,5,174.771,101.299,"blue","right",174.771,29.8292,-144.9418,144.9418,0.854207376141372,204.6002,300.2945,"refresher",0.31
"yes","7b","pair-4","right",28,376.03,1.25304,13,255.25,0,12,45.0441,3.80372,3,236.431,30.4298,1,10.21,3.80372,"blue","left",236.431,10.21,-226.221,226.221,0.958603800665745,246.641,300.2941,"refresher",0.13
"yes","8a","pair-4","left",28,176.074,0.586731,5,285.479,0,4,14.8145,4.40431,0,0,300,1,300.294,0,"green","right",300.294,0,300.294,300.294,1,300.294,300.2935,"refresher",0.17
"no","8b","pair-4","right",28,684.936,2.28241,19,90.2884,19.8194,20,210.006,0,7,22.8223,8.60843,7,50.6496,135.132,"blue","left",22.8223,50.6496,27.8273,-27.8273,0.310626239419424,73.4719,300.2944,"refresher",0.14
"NA","1a","pair-a","left",29,477.356,1.59069,14,229.625,0,14,70.6692,19.419,7,46.6457,0,3,40.84,38.0372,"blue","right",40.84,46.6457,5.80569999999999,-5.80569999999999,0.46681914872945,87.4857,300.2942,"test",0.29
"NA","1b","pair-a","left",29,779.482,2.59746,29,179.576,0,28,120.718,4.60451,6,39.839,40.84,8,126.123,0,"green","right",126.123,39.839,86.284,86.284,0.759951073137224,165.962,300.294,"test",0.1
"NA","2a","pair-a","left",29,744.345,2.48037,21,157.354,2.60255,21,142.94,0,5,62.261,47.8468,11,116.114,0,"blue","right",116.114,62.261,-53.853,53.853,0.650954449894884,178.375,300.294,"test",0.2
"NA","2b","pair-a","right",29,816.796,2.7218,23,172.169,0,23,128.125,3.40333,6,71.8704,8.40823,8,69.0676,75.4739,"blue","left",71.8704,69.0676,-2.8028,2.8028,0.509943379358299,140.938,300.294,"test",0.11
"NA","3a","pair-a","right",29,785.112,2.61622,18,167.964,0,17,132.33,1.60157,8,96.4945,0,7,56.2551,13.2129,"blue","left",96.4945,56.2551,-40.2394,40.2394,0.631716875199673,152.7496,300.294,"test",0.2
"NA","3b","pair-a","right",29,730.909,2.4356,25,132.73,0,24,167.564,2.20216,12,138.135,11.211,5,27.8272,1.60157,"green","left",138.135,27.8272,110.3078,110.3078,0.832328084346918,165.9622,300.294,"test",0.12
"NA","4a","pair-a","right",29,983.292,3.27662,23,173.97,0,23,126.324,4.20412,15,125.523,0,8,18.2178,27.627,"green","left",125.523,18.2178,107.3052,107.3052,0.873259366860349,143.7408,300.294,"test",0.21
"NA","4b","pair-a","right",29,872.636,2.90788,31,167.964,5.0049,31,132.33,0,9,160.157,36.2355,7,52.4514,0,"green","left",160.157,52.4514,107.7056,107.7056,0.75329573055439,212.6084,300.294,"test",0.11
"NA","5a","pair-a","left",29,1029.7,3.43125,27,191.588,0,26,108.706,0.400392,9,47.0461,52.8517,11,86.8851,0,"green","right",86.8851,47.0461,39.839,39.839,0.648729347605338,133.9312,300.294,"test",0.18
"NA","5b","pair-a","left",29,1231.9,4.10505,25,202.799,2.00196,25,97.4955,0,10,45.8449,0,11,55.4543,10.8106,"blue","right",55.4543,45.8449,-9.6094,9.6094,0.547430779315138,101.2992,300.2945,"test",0.13
"NA","6a","pair-a","right",29,1017.36,3.39014,28,165.962,1.60157,28,134.332,0,11,146.143,17.6172,9,51.8508,0,"green","left",146.143,51.8508,94.2922,94.2922,0.738119072415399,197.9938,300.294,"test",0.15
"NA","6b","pair-a","left",29,870.325,2.90018,29,114.913,1.60157,30,185.381,0,12,78.4768,0,8,90.4886,56.6555,"green","right",90.4886,78.4768,12.0118,12.0118,0.535545147112959,168.9654,300.294,"test",0.11
"NA","7a","pair-a","right",29,910.282,3.03332,29,179.376,0.600588,30,120.918,0,9,65.4641,0,8,39.4386,23.2227,"blue","left",65.4641,39.4386,-26.0255,26.0255,0.624045901583086,104.9027,300.294,"test",0.31
"NA","7b","pair-a","right",29,900.819,3.00179,25,166.363,0.600588,26,133.931,0,10,76.8753,35.6349,9,66.0647,0,"blue","left",76.8753,66.0647,-10.8106,10.8106,0.537815167203022,142.94,300.294,"test",0.13
"NA","8a","pair-a","left",29,847.98,2.82572,18,221.417,9.00882,19,78.8772,0,5,26.0255,8.00784,14,80.0784,0,"green","right",80.0784,26.0255,54.0529,54.0529,0.754716838872087,106.1039,300.2942,"test",0.17
"NA","8b","pair-a","left",29,1087.79,3.62482,30,124.922,0.600588,30,175.372,0,16,62.6613,15.2149,9,35.8351,0,"blue","right",35.8351,62.6613,26.8262,-26.8262,0.363821418853887,98.4964,300.294,"test",0.14
"yes","1a","pair-3","right",3,504.553,1.68132,12,193.389,0.400392,13,106.905,0,4,125.723,9.00882,3,31.631,18.0176,"blue","left",125.723,31.631,-94.092,94.092,0.798981913392732,157.354,300.294,"training",0.29
"no","1b","pair-3","left",3,628.653,2.09485,13,259.654,0,11,40.4396,7.40725,4,15.4151,122.12,5,153.951,6.80666,"green","right",153.951,15.4151,138.5359,138.5359,0.908983556921958,169.3661,300.0936,"training",0.1
"yes","2a","pair-3","left",3,528.76,1.76198,16,176.773,27.0265,16,123.521,0,5,118.316,37.4367,3,34.8341,198.594,"blue","right",34.8341,118.316,83.4819,-83.4819,0.227450716649875,153.1501,300.294,"training",0.2
"no","2b","pair-3","left",3,584.699,1.94839,10,228.824,0,9,71.47,29.4288,7,143.941,13.0127,3,14.4141,76.2747,"blue","right",14.4141,143.941,129.5269,-129.5269,0.0910239076606942,158.3551,300.294,"training",0.11
"yes","3a","pair-3","right",3,545.496,1.81775,13,155.752,0,13,144.542,8.60843,4,130.528,47.8468,6,33.6329,8.60843,"blue","left",130.528,33.6329,-96.8951,96.8951,0.795122346429631,164.1609,300.294,"training",0.2
"no","3b","pair-3","right",3,391.787,1.30555,5,283.277,3.40333,5,17.0167,0,3,239.835,0,4,6.40627,83.8821,"green","left",239.835,6.40627,233.42873,233.42873,0.973983768033685,246.24127,300.2937,"training",0.12
"no","4a","pair-3","left",3,207.141,0.690254,5,183.179,0,4,117.115,116.314,1,43.2423,159.756,2,18.2178,116.314,"green","right",18.2178,43.2423,-25.0245,-25.0245,0.296416699614872,61.4601,300.294,"training",0.21
"no","4b","pair-3","left",3,558.314,1.86046,15,184.18,0,14,116.114,28.628,5,25.6251,73.0715,9,121.719,0,"green","right",121.719,25.6251,96.0939,96.0939,0.82608669094996,147.3441,300.294,"training",0.11
"yes","5a","pair-3","right",3,984.998,3.2823,30,147.344,5.80568,30,152.95,0,11,92.6907,52.051,12,58.4572,0,"green","left",92.6907,58.4572,34.2335,34.2335,0.613245040122952,151.1479,300.294,"training",0.18
"no","5b","pair-3","left",3,1329.16,4.42916,22,251.847,6.40627,22,48.4474,0,10,27.627,11.0108,11,37.2365,22.2218,"blue","right",37.2365,27.627,-9.6095,9.6095,0.57407478782366,64.8635,300.2944,"training",0.13
"yes","6a","pair-3","right",3,824.119,2.7462,17,233.228,0,16,67.0657,3.40333,9,159.156,0,4,13.6133,91.0892,"green","left",159.156,13.6133,145.5427,145.5427,0.921205329882103,172.7693,300.2937,"training",0.15
"yes","6b","pair-3","right",3,1080.75,3.60138,13,236.632,0,12,63.6623,0.800784,9,45.6447,0.600588,9,31.4308,13.4131,"green","left",45.6447,31.4308,14.2139,14.2139,0.59220764056023,77.0755,300.2943,"training",0.11
"no","7a","pair-3","left",3,645.678,2.15159,16,182.379,1.80176,16,117.915,0,5,21.6212,47.0461,9,60.6594,0,"blue","right",60.6594,21.6212,-39.0382,39.0382,0.737226028978884,82.2806,300.294,"training",0.31
"no","7b","pair-3","right",3,233.79,0.779056,5,139.336,30.8302,6,160.958,0,2,30.63,116.914,3,122.12,11.8116,"blue","left",30.63,122.12,91.49,-91.49,0.200523731587561,152.75,300.294,"training",0.13
"no","8a","pair-3","left",3,771.01,2.56923,4,288.883,0,3,11.4112,37.6368,3,10.8106,51.8508,7,32.0314,32.6319,"green","right",32.0314,10.8106,21.2208,21.2208,0.747663507772746,42.842,300.2942,"training",0.17
"no","8b","pair-3","right",3,971.544,3.23747,7,283.277,0,6,17.0167,3.80372,10,53.4523,3.80372,8,26.8263,19.0186,"blue","left",53.4523,26.8263,-26.626,26.626,0.665834979683253,80.2786,300.2937,"training",0.14
"yes","1a","pair-1","left",4,714.297,2.38025,16,204,1.60157,16,96.2943,0,5,43.0421,19.6192,7,159.156,0,"blue","right",159.156,43.0421,-116.1139,116.1139,0.787129058087094,202.1981,300.2943,"training",0.29
"no","1b","pair-1","left",4,515.65,1.7183,13,195.792,0,12,104.502,4.20412,3,12.0118,1.00098,8,221.417,22.8223,"green","right",221.417,12.0118,209.4052,209.4052,0.948541910852474,233.4288,300.294,"training",0.1
"yes","2a","pair-1","right",4,394.368,1.31415,11,264.459,7.60745,11,35.8351,0,6,278.473,4.60451,0,0,300,"blue","left",278.473,0,-278.473,278.473,1,278.473,300.2941,"training",0.2
"yes","2b","pair-1","right",4,243.545,0.811564,7,258.853,8.40823,7,41.4406,0,1,286.881,13.4131,0,0,300,"blue","left",286.881,0,-286.881,286.881,1,286.881,300.2936,"training",0.11
"yes","3a","pair-1","left",4,667.6,2.22464,25,202.598,0,25,97.6956,0.600588,6,12.4122,96.8949,5,220.015,0,"blue","right",220.015,12.4122,-207.6028,207.6028,0.94659747224077,232.4272,300.2936,"training",0.2
"yes","3b","pair-1","right",4,539.283,1.79705,23,150.347,2.40235,24,149.947,0,8,216.812,0,2,13.4131,114.913,"green","left",216.812,13.4131,203.3989,203.3989,0.941739193511046,230.2251,300.294,"training",0.12
"yes","4a","pair-1","right",4,371.052,1.23645,8,235.43,0,8,64.8635,10.6104,6,265.06,13.0127,0,0,300,"green","left",265.06,0,265.06,265.06,1,265.06,300.2935,"training",0.21
"no","4b","pair-1","right",4,415.461,1.38444,9,151.548,16.8165,9,148.746,0,5,59.6584,195.992,5,59.4582,0,"green","left",59.6584,59.4582,0.200200000000002,0.200200000000002,0.50084035306582,119.1166,300.294,"training",0.11
"yes","5a","pair-1","left",4,549.001,1.82943,17,181.378,0,17,118.916,0.400392,6,106.905,0,3,107.505,151.749,"green","right",107.505,106.905,0.599999999999994,0.599999999999994,0.501399188470687,214.41,300.294,"training",0.18
"no","5b","pair-1","left",4,1172.96,3.90863,25,215.411,0,24,84.8831,9.20902,6,20.42,21.0206,14,50.8498,8.20804,"blue","right",50.8498,20.42,-30.4298,30.4298,0.713483130302035,71.2698,300.2941,"training",0.13
"yes","6a","pair-1","right",4,741.205,2.46991,34,166.763,18.0176,34,133.531,0,10,177.574,8.40823,5,34.2335,0,"green","left",177.574,34.2335,143.3405,143.3405,0.838374467381939,211.8075,300.294,"training",0.15
"no","6b","pair-1","right",4,640.596,2.13465,14,185.982,0,13,114.312,6.60647,9,93.0911,43.6427,4,43.8429,0,"green","left",93.0911,43.8429,49.2482,49.2482,0.679824587027327,136.934,300.294,"training",0.11
"yes","7a","pair-1","left",4,681.181,2.26989,13,170.167,10.6104,13,130.127,0,5,72.0706,84.0823,9,93.0911,2.60255,"blue","right",93.0911,72.0706,-21.0205,21.0205,0.563636121449464,165.1617,300.294,"training",0.31
"no","7b","pair-1","right",4,402.154,1.34009,9,210.206,0,8,90.0882,16.4161,5,53.2521,0,3,34.6339,26.6261,"blue","left",53.2521,34.6339,-18.6182,18.6182,0.605922444985549,87.886,300.2942,"training",0.13
"yes","8a","pair-1","left",4,481.767,1.60539,12,249.644,0,11,50.6496,2.00196,2,10.0098,9.60941,6,225.22,0,"green","right",225.22,10.0098,215.2102,215.2102,0.957446718060382,235.2298,300.2936,"training",0.17
"no","8b","pair-1","left",4,1023.01,3.40898,10,284.078,0,9,16.2159,14.2139,13,58.0568,19.0186,5,13.0127,64.8635,"blue","right",13.0127,58.0568,45.0441,-45.0441,0.183098234826473,71.0695,300.2939,"training",0.14
"yes","1a","pair-2","left",5,625.002,2.08269,19,154.952,0,19,145.342,9.40921,9,97.6956,0,4,61.6604,45.8449,"blue","right",61.6604,97.6956,36.0352,-36.0352,0.386934913024925,159.356,300.294,"training",0.29
"no","1b","pair-2","right",5,560.845,1.8689,14,195.391,0,14,104.903,64.6633,6,214.81,0,3,22.422,104.102,"green","left",214.81,22.422,192.388,192.388,0.905484926148243,237.232,300.294,"training",0.1
"yes","2a","pair-2","left",5,355.97,1.1862,11,255.85,0,10,44.4435,165.762,2,22.422,270.265,5,244.84,0,"blue","right",244.84,22.422,-222.418,222.418,0.916104796042834,267.262,300.2935,"training",0.2
"yes","2b","pair-2","right",5,566.544,1.88789,14,191.988,25.2247,14,108.306,0,4,85.4837,27.4269,7,51.4504,0,"blue","left",85.4837,51.4504,-34.0333,34.0333,0.62426890014978,136.9341,300.294,"training",0.11
"yes","3a","pair-2","right",5,427.702,1.42523,8,171.368,0,8,128.926,15.4151,8,212.408,0,1,6.60647,81.8802,"blue","left",212.408,6.60647,-205.80153,205.80153,0.969835463382853,219.01447,300.294,"training",0.2
"no","3b","pair-2","right",5,740.437,2.46735,21,156.753,10.0098,21,143.541,0,13,132.73,33.8331,6,42.6417,1.40137,"green","left",132.73,42.6417,90.0883,90.0883,0.75684959431881,175.3717,300.294,"training",0.12
"no","4a","pair-2","left",5,454.127,1.51328,12,221.417,0,11,78.8772,63.2619,12,148.545,74.6731,0,0,300,"green","right",0,148.545,-148.545,-148.545,0,148.545,300.2942,"training",0.21
"no","4b","pair-2","left",5,793.714,2.64489,9,202.799,32.8321,9,97.4955,0,7,37.4367,29.8292,9,88.2864,0,"green","right",88.2864,37.4367,50.8497,50.8497,0.702228945993218,125.7231,300.2945,"training",0.11
"yes","5a","pair-2","right",5,426.027,1.41964,9,201.798,6.20608,10,98.4964,0,5,230.426,0,3,33.4327,254.85,"green","left",230.426,33.4327,196.9933,196.9933,0.873293167896302,263.8587,300.2944,"training",0.18
"no","5b","pair-2","left",5,1064.14,3.54602,18,198.394,0.800784,18,101.9,0,4,18.418,30.4298,20,56.6555,0,"blue","right",56.6555,18.418,-38.2375,38.2375,0.754667092915609,75.0735,300.294,"training",0.13
"yes","6a","pair-2","left",5,814.522,2.71422,17,205.401,5.0049,17,94.8929,0,8,65.6643,0,7,81.0794,40.4396,"green","right",81.0794,65.6643,15.4151,15.4151,0.552523890293076,146.7437,300.2939,"training",0.15
"no","6b","pair-2","left",5,654.109,2.17968,16,223.419,1.20118,16,76.8753,0,4,127.725,27.4269,10,57.8566,3.40333,"green","right",57.8566,127.725,-69.8684,-69.8684,0.311758277760295,185.5816,300.2943,"training",0.11
"yes","7a","pair-2","right",5,554.673,1.84833,13,146.744,0,12,153.55,3.40333,3,26.0255,59.6584,9,114.112,0.600588,"blue","left",26.0255,114.112,88.0865,-88.0865,0.185714030862546,140.1375,300.294,"training",0.31
"yes","7b","pair-2","right",5,229.645,0.765245,7,199.996,25.8253,7,100.298,0,1,142.339,157.955,3,121.719,5.60549,"blue","left",142.339,121.719,-20.62,20.62,0.539044452355164,264.058,300.294,"training",0.13
"no","8a","pair-2","left",5,663.973,2.21255,9,269.063,0,8,31.2306,21.8214,6,40.4396,40.4396,6,35.8351,10.6104,"green","right",35.8351,40.4396,-4.6045,-4.6045,0.469816334905283,76.2747,300.2936,"training",0.17
"no","8b","pair-2","left",5,793.264,2.64339,11,266.661,3.00294,11,33.6329,0,6,68.467,12.0118,5,41.0402,0,"blue","right",41.0402,68.467,27.4268,-27.4268,0.374771704508927,109.5072,300.2939,"training",0.14
"yes","1a","pair-1","left",6,410.759,1.36877,16,255.25,0.800784,16,45.0441,0,4,53.8527,0,4,216.412,36.2355,"blue","right",216.412,53.8527,-162.5593,162.5593,0.800740903270016,270.2647,300.2941,"training",0.29
"no","1b","pair-1","right",6,408.241,1.36038,12,146.744,0,11,153.55,5.2051,4,184.381,37.4367,4,43.8429,125.323,"green","left",184.381,43.8429,140.5381,140.5381,0.807895229202551,228.2239,300.294,"training",0.1
"yes","2a","pair-1","left",6,182.275,0.607394,4,284.278,0,3,16.0157,158.555,0,0,300,1,300.294,0,"blue","right",300.294,0,-300.294,300.294,1,300.294,300.2937,"training",0.2
"yes","2b","pair-1","left",6,380.236,1.26706,16,218.013,0,15,82.2806,5.60549,5,107.705,0,2,135.733,159.556,"blue","right",135.733,107.705,-28.028,28.028,0.557567019117804,243.438,300.2936,"training",0.11
"yes","3a","pair-1","right",6,352.614,1.17501,7,277.872,0,6,22.422,23.0225,2,289.884,0,0,0,300,"blue","left",289.884,0,-289.884,289.884,1,289.884,300.294,"training",0.2
"no","3b","pair-1","left",6,446.363,1.48741,16,201.597,3.40333,16,98.6966,0,8,126.324,0,6,66.2649,206.202,"green","right",66.2649,126.324,-60.0591,-60.0591,0.344074346963922,192.5889,300.2936,"training",0.12
"yes","4a","pair-1","right",6,316.921,1.05607,8,282.677,0,7,17.6172,4.00392,7,291.886,0,0,0,300,"green","left",291.886,0,291.886,291.886,1,291.886,300.2942,"training",0.21
"no","4b","pair-1","left",6,650.503,2.16767,19,189.586,0,19,110.708,16.6163,11,83.0813,0,8,85.6839,61.8606,"green","right",85.6839,83.0813,2.6026,2.6026,0.507710712872085,168.7652,300.294,"training",0.11
"yes","5a","pair-1","left",6,412.084,1.37318,11,249.845,0,10,50.4494,202.799,3,16.6163,268.863,4,239.234,0,"green","right",239.234,16.6163,222.6177,222.6177,0.935054600287746,255.8503,300.2944,"training",0.18
"no","5b","pair-1","left",6,883.495,2.94406,16,204,0,15,96.2943,7.40725,6,23.0225,49.2482,10,38.4376,16.8165,"blue","right",38.4376,23.0225,-15.4151,15.4151,0.625407378120114,61.4601,300.2943,"training",0.13
"yes","6a","pair-1","right",6,320.104,1.06668,13,235.43,0,13,64.8635,7.40725,2,254.85,7.00686,1,5.40529,285.88,"green","left",254.85,5.40529,249.44471,249.44471,0.979230816019148,260.25529,300.2935,"training",0.15
"no","6b","pair-1","right",6,480.78,1.6021,15,110.708,0,14,189.586,5.0049,7,137.935,0,4,30.2296,72.2708,"green","left",137.935,30.2296,107.7054,107.7054,0.820238028693316,168.1646,300.294,"training",0.11
"yes","7a","pair-1","left",6,411.481,1.37117,12,247.042,9.00882,12,53.2521,0,3,16.4161,187.183,4,193.59,8.20804,"blue","right",193.59,16.4161,-177.1739,177.1739,0.921830365879848,210.0061,300.2941,"training",0.31
"no","7b","pair-1","right",6,150.36,0.538398,7,201.397,0,7,78.677,164.161,1,218.414,6.40627,3,42.0412,231.627,"blue","left",218.414,42.0412,-176.3728,176.3728,0.838585676154671,260.4552,280.074,"training",0.13
"no","8a","pair-1","right",6,723.952,2.41242,7,279.474,0,6,20.8204,18.6182,3,12.6123,18.6182,5,39.6388,4.00392,"green","left",12.6123,39.6388,-27.0265,-27.0265,0.241378650401618,52.2511,300.2944,"training",0.17
"no","8b","pair-1","right",6,841.683,2.80473,14,258.453,0,13,41.841,22.8223,10,70.469,29.2286,8,30.63,0,"blue","left",70.469,30.63,-39.839,39.839,0.697029644210131,101.099,300.294,"training",0.14
"yes","1a","pair-2","right",7,548.33,1.82719,14,257.852,0,13,42.4416,46.6457,6,236.632,0,5,27.627,121.119,"blue","left",236.632,27.627,-209.005,209.005,0.895454837867395,264.259,300.2936,"training",0.29
"yes","1b","pair-2","right",7,757.051,2.52272,24,207.003,0,23,93.2913,25.4249,10,152.149,56.8557,4,64.2629,0,"green","left",152.149,64.2629,87.8861,87.8861,0.703052835819102,216.4119,300.2943,"training",0.1
"yes","2a","pair-2","left",7,320.189,1.06696,5,280.875,0,4,19.419,241.236,2,11.8116,250.245,4,264.059,0,"blue","right",264.059,11.8116,-252.2474,252.2474,0.957184274076324,275.8706,300.294,"training",0.2
"yes","2b","pair-2","left",7,666.999,2.22264,21,208.004,0,20,92.2904,3.20314,9,85.6839,0,7,160.557,79.2776,"blue","right",160.557,85.6839,-74.8731,74.8731,0.652032217231175,246.2409,300.2944,"training",0.11
"yes","3a","pair-2","right",7,505.432,1.68425,12,200.596,7.60745,13,99.6976,0,6,223.018,8.80862,3,9.8096,0,"blue","left",223.018,9.8096,-213.2084,213.2084,0.957867538041023,232.8276,300.2936,"training",0.2
"no","3b","pair-2","left",7,718.443,2.39406,18,218.013,0,17,82.2806,12.6123,8,59.8586,0,9,162.96,30.0294,"green","right",162.96,59.8586,103.1014,103.1014,0.731357256530649,222.8186,300.2936,"training",0.12
"yes","4a","pair-2","right",7,189.348,0.630962,3,297.691,0,2,2.60255,10.21,1,290.084,10.21,0,0,300,"green","left",290.084,0,290.084,290.084,1,290.084,300.29355,"training",0.21
"no","4b","pair-2","right",7,741.174,2.46981,21,169.166,5.60549,22,131.128,0,12,71.2698,0,6,56.2551,43.2423,"green","left",71.2698,56.2551,15.0147,15.0147,0.558869679568461,127.5249,300.294,"training",0.11
"yes","5a","pair-2","left",7,162.892,0.542804,1,300.294,0,0,0,300,0,0,300,1,300.294,0,"green","right",300.294,0,300.294,300.294,1,300.294,300.294,"training",0.18
"no","5b","pair-2","right",7,916.604,3.05439,17,238.433,0,16,61.8606,1.40137,5,12.0118,1.60157,6,24.4239,63.2619,"blue","left",12.0118,24.4239,12.4121,-12.4121,0.329671174150627,36.4357,300.2936,"training",0.13
"yes","6a","pair-2","left",7,916.481,3.05398,17,221.016,2.00196,18,79.2776,0,7,72.0706,17.8174,8,72.6711,0,"green","right",72.6711,72.0706,0.600499999999997,0.600499999999997,0.502074384921553,144.7417,300.2936,"training",0.15
"no","6b","pair-2","right",7,744.745,2.48171,18,165.162,0,17,135.132,2.00196,11,130.728,0,5,50.8498,50.049,"green","left",130.728,50.8498,79.8782,79.8782,0.71995585363409,181.5778,300.294,"training",0.11
"yes","7a","pair-2","right",7,383.231,1.27704,9,251.046,10.6104,9,49.2482,0,1,158.355,141.939,7,81.0794,0,"blue","left",158.355,81.0794,-77.2756,77.2756,0.661371131299429,239.4344,300.2942,"training",0.31
"yes","7b","pair-2","right",7,455.472,1.51776,13,240.035,0,12,60.259,6.40627,6,191.788,0,2,28.2276,19.419,"blue","left",191.788,28.2276,-163.5604,163.5604,0.871701824779697,220.0156,300.294,"training",0.13
"yes","8a","pair-2","left",7,585.909,1.95242,8,275.87,0,7,24.4239,4.40431,5,28.628,44.2433,5,39.0382,4.40431,"green","right",39.0382,28.628,10.4102,10.4102,0.576923190603285,67.6662,300.2939,"training",0.17
"no","8b","pair-2","left",7,710.628,2.36802,12,173.57,30.0294,13,126.724,0,8,123.121,12.6123,6,16.8165,0,"blue","right",16.8165,123.121,106.3045,-106.3045,0.120171505136222,139.9375,300.294,"training",0.14
"yes","1a","pair-3","left",8,262.076,0.873314,5,284.278,0,4,16.0157,1.40137,3,18.0176,0,1,261.256,39.0382,"blue","right",261.256,18.0176,-243.2384,243.2384,0.935484055778992,279.2736,300.2937,"training",0.29
"yes","1b","pair-3","right",8,693.388,2.31057,20,233.028,4.00392,20,67.2659,0,7,213.409,36.6359,3,30.2296,7.00686,"green","left",213.409,30.2296,183.1794,183.1794,0.875924422484779,243.6386,300.2939,"training",0.1
"yes","2a","pair-3","right",8,171.146,0.570307,2,299.693,0,1,0.600588,260.055,1,300.294,0,0,0,300,"blue","left",300.294,0,-300.294,300.294,1,300.294,300.293588,"training",0.2
"yes","2b","pair-3","right",8,276.248,0.920539,8,240.435,0,7,59.8586,17.4171,1,201.397,98.8968,2,75.0735,11.6114,"blue","left",201.397,75.0735,-126.3235,126.3235,0.728457466528979,276.4705,300.2936,"training",0.11
"yes","3a","pair-3","left",8,497.058,1.65634,15,240.636,0,14,59.6584,0.600588,4,19.0186,127.124,3,245.841,0.600588,"blue","right",245.841,19.0186,-226.8224,226.8224,0.928193654298353,264.8596,300.2944,"training",0.2
"yes","3b","pair-3","left",8,590.168,1.96661,23,132.93,0,23,167.364,1.60157,7,33.8331,1.60157,7,124.922,47.0461,"green","right",124.922,33.8331,91.0889,91.0889,0.786884956766743,158.7551,300.294,"training",0.12
"yes","4a","pair-3","right",8,239.143,0.796895,5,291.485,0,4,8.80862,278.473,2,299.493,0,0,0,300,"green","left",299.493,0,299.493,299.493,1,299.493,300.29362,"training",0.21
"no","4b","pair-3","right",8,884.564,2.94762,30,142.54,12.0118,30,157.754,0,11,81.2796,97.6956,11,75.6741,2.60255,"green","left",81.2796,75.6741,5.60550000000001,5.60550000000001,0.517857176989138,156.9537,300.294,"training",0.11
"yes","5a","pair-3","left",8,201.964,0.673003,1,300.294,0,0,0,300,0,0,300,1,300.294,0,"green","right",300.294,0,300.294,300.294,1,300.294,300.294,"training",0.18
"yes","5b","pair-3","right",8,979.711,3.26468,21,236.632,0,21,63.6623,13.6133,6,38.4376,13.4131,9,27.0265,30.8302,"blue","left",38.4376,27.0265,-11.4111,11.4111,0.587155402732185,65.4641,300.2943,"training",0.13
"yes","6a","pair-3","left",8,742.236,2.47335,23,210.406,1.80176,23,89.888,0,7,59.0578,0,10,170.967,59.8586,"green","right",170.967,59.0578,111.9092,111.9092,0.743254640369212,230.0248,300.294,"training",0.15
"yes","6b","pair-3","left",8,618.554,2.0612,19,157.554,7.60745,20,142.74,0,7,87.0853,0.800784,8,122.32,114.913,"green","right",122.32,87.0853,35.2347,35.2347,0.584130392115195,209.4053,300.294,"training",0.11
"yes","7a","pair-3","right",8,789.479,2.63077,18,191.988,0,17,108.306,6.80666,8,78.677,24.8243,8,53.2521,0,"blue","left",78.677,53.2521,-25.4249,25.4249,0.596358195424664,131.9291,300.294,"training",0.31
"no","7b","pair-3","left",8,470.762,1.56871,14,136.934,0,14,163.36,27.4269,7,91.89,35.6349,4,85.6839,0,"blue","right",85.6839,91.89,6.20610000000001,-6.20610000000001,0.482525303549677,177.5739,300.294,"training",0.13
"yes","8a","pair-3","right",8,619.138,2.06315,7,271.666,0,6,28.628,44.6437,3,30.63,70.6692,4,24.2237,41.4406,"green","left",30.63,24.2237,6.4063,6.4063,0.558394420066468,54.8537,300.294,"training",0.17
"no","8b","pair-3","left",8,980.551,3.26748,17,171.768,0,16,128.526,2.40235,5,57.4563,13.2129,9,21.8214,2.40235,"blue","right",21.8214,57.4563,35.6349,-35.6349,0.275252687704108,79.2777,300.294,"training",0.14
"yes","1a","pair-1","right",9,553.865,1.84564,16,216.212,9.00882,16,84.0823,0,10,222.818,0,2,15.6153,147.945,"blue","left",222.818,15.6153,-207.2027,207.2027,0.934508728436842,238.4333,300.2943,"training",0.29
"no","1b","pair-1","right",9,572.826,1.92552,13,222.818,2.60255,13,74.8733,54.4533,8,143.741,2.60255,3,13.6133,122.12,"green","left",143.741,13.6133,130.1277,130.1277,0.913486317183579,157.3543,297.6913,"training",0.1
"yes","2a","pair-1","left",9,521.209,1.73682,19,202.799,0.600588,19,97.4955,0,6,79.8782,0,8,115.113,50.4494,"blue","right",115.113,79.8782,-35.2348,35.2348,0.590349718346264,194.9912,300.2945,"training",0.2
"no","2b","pair-1","left",9,462.34,1.54065,9,165.762,9.40921,9,134.532,0,3,136.734,43.4425,3,40.6398,95.0931,"blue","right",40.6398,136.734,96.0942,-96.0942,0.229119520470329,177.3738,300.294,"training",0.11
"yes","3a","pair-1","right",9,432.385,1.44083,12,160.157,10.6104,12,140.137,0,7,96.8949,14.2139,2,14.4141,0,"blue","left",96.8949,14.4141,-82.4808,82.4808,0.870503732851791,111.309,300.294,"training",0.2
"no","3b","pair-1","left",9,319.278,1.06393,11,215.011,0,10,85.2835,3.80372,1,4.40431,113.711,7,240.035,0,"green","right",240.035,4.40431,235.63069,235.63069,0.981981989721702,244.43931,300.2945,"training",0.12
"no","4a","pair-1","left",9,131.034,0.436645,5,246.441,0,5,53.8527,187.784,2,124.922,161.558,0,0,300,"green","right",0,124.922,-124.922,-124.922,0,124.922,300.2937,"training",0.21
"no","4b","pair-1","left",9,769.779,2.56513,16,224.62,0,15,75.6741,3.20314,8,83.0813,0,8,52.8517,30.0294,"green","right",52.8517,83.0813,-30.2296,-30.2296,0.388806985794472,135.933,300.2941,"training",0.11
"yes","5a","pair-1","right",9,889.386,2.96369,21,187.383,0,20,112.911,2.60255,7,71.0696,90.889,15,97.2953,0,"green","left",71.0696,97.2953,-26.2257,-26.2257,0.422116486274752,168.3649,300.294,"training",0.18
"no","5b","pair-1","right",9,1026.9,3.42194,22,218.614,0,21,81.68,3.60353,6,13.4131,98.8968,13,36.0353,3.60353,"blue","left",13.4131,36.0353,22.6222,-22.6222,0.271254479416928,49.4484,300.294,"training",0.13
"no","6a","pair-1","left",9,528.244,1.76026,11,247.642,0,10,52.6515,20.6202,5,80.2786,43.6427,4,82.6809,0,"green","right",82.6809,80.2786,2.4023,2.4023,0.507370849812377,162.9595,300.2935,"training",0.15
"no","6b","pair-1","left",9,580.622,1.9348,16,200.997,17.0167,17,99.2972,0,6,94.2923,0,6,146.744,21.0206,"green","right",146.744,94.2923,52.4517,52.4517,0.60880456595127,241.0363,300.2942,"training",0.11
"yes","7a","pair-1","right",9,505.793,1.68545,9,176.573,0,8,123.721,20.6202,4,110.108,6.60647,5,41.2404,44.0431,"blue","left",110.108,41.2404,-68.8676,68.8676,0.727513472226994,151.3484,300.294,"training",0.31
"no","7b","pair-1","left",9,496.24,1.65693,11,149.747,0,11,149.947,8.80862,7,85.8841,0,4,72.0706,137.535,"blue","right",72.0706,85.8841,13.8135,-13.8135,0.456273855732055,157.9547,299.694,"training",0.13
"no","8a","pair-1","right",9,518.329,1.72722,3,294.088,0,2,6.20608,53.6525,5,25.0245,49.6486,2,4.40431,65.8645,"green","left",25.0245,4.40431,20.62019,20.62019,0.85034019384406,29.42881,300.29408,"training",0.17
"no","8b","pair-1","right",9,789.23,2.62995,7,254.85,20.42,7,45.4445,0,4,25.8253,28.4278,13,70.469,0,"blue","left",25.8253,70.469,44.6437,-44.6437,0.268191367505657,96.2943,300.2945,"training",0.14
